<?xml version = '1.0' encoding = 'UTF-8'?>
<Diagram class="oracle.dbtools.crest.swingui.relational.DPVRelational" name="Relational_1" id="26C8B6F7-13C2-1C02-AED5-CE6D0FB44F9D">
<createdBy>marianapinedamiranda</createdBy>
<modifiedBy>marianapinedamiranda</modifiedBy>
<createdTime>2023-10-02 03:06:28 UTC</createdTime>
<autoRoute>false</autoRoute>
<boxInbox>true</boxInbox>
<showLegend>false</showLegend>
<showLabels>false</showLabels>
<showRelAttributes>false</showRelAttributes>
<gridEnabled>false</gridEnabled>
<showGrid>false</showGrid>
<diagramColor>-1</diagramColor>
<display>false</display>
<notation>1</notation>
<objectViews>
<OView class="oracle.dbtools.crest.swingui.relational.TVTable" oid="010D714D-BA4B-FC14-0A3C-B05A4308F4E2" otype="Table" vid="B390C52F-2DE9-FF93-7250-B5B75E3ACC03">
<hideElementsInCurrentOnly>false</hideElementsInCurrentOnly>
<bounds x="767" y="498" width="95" height="69"/>
</OView>
<OView class="oracle.dbtools.crest.swingui.relational.TVTable" oid="0E50AC26-0A74-765F-C6C9-16E18F070BEF" otype="Table" vid="A7AFB794-ED48-BA3D-3907-624086DE1798">
<hideElementsInCurrentOnly>false</hideElementsInCurrentOnly>
<bounds x="268" y="395" width="117" height="70"/>
</OView>
<OView class="oracle.dbtools.crest.swingui.relational.TVTable" oid="10101638-ABF8-4DDD-CD27-C38B45F2D5D6" otype="Table" vid="B59E3AA3-0BC7-25AF-6019-03AAD945ED11">
<hideElementsInCurrentOnly>false</hideElementsInCurrentOnly>
<bounds x="349" y="43" width="98" height="49"/>
</OView>
<OView class="oracle.dbtools.crest.swingui.relational.TVTable" oid="1C631C2E-7118-B554-594F-C468958119D8" otype="Table" vid="607BD108-77AA-3011-81CF-6A4592A17474">
<hideElementsInCurrentOnly>false</hideElementsInCurrentOnly>
<bounds x="496" y="309" width="156" height="63"/>
</OView>
<OView class="oracle.dbtools.crest.swingui.relational.TVTable" oid="28933A3E-9FF7-027C-E1CA-192C68E1833E" otype="Table" vid="3D1D172E-8EF9-6F7A-ED6B-A6F6CCE1293C">
<hideElementsInCurrentOnly>false</hideElementsInCurrentOnly>
<bounds x="140" y="395" width="119" height="102"/>
</OView>
<OView class="oracle.dbtools.crest.swingui.relational.TVTable" oid="2A66CDB7-3DBE-D970-8D26-FE7840D13E20" otype="Table" vid="E6622209-7F56-D191-F394-4B6FA12C5C8F">
<hideElementsInCurrentOnly>false</hideElementsInCurrentOnly>
<bounds x="877" y="508" width="103" height="91"/>
</OView>
<OView class="oracle.dbtools.crest.swingui.relational.TVTable" oid="2E0278B7-6C58-3019-C51C-50038CFDC586" otype="Table" vid="56EE77D5-21A2-2C3A-BD04-C317988D3D4A">
<hideElementsInCurrentOnly>false</hideElementsInCurrentOnly>
<bounds x="881" y="244" width="89" height="40"/>
</OView>
<OView class="oracle.dbtools.crest.swingui.relational.TVTable" oid="3E3CE233-4237-F1CE-35DA-CB7D703ECEFF" otype="Table" vid="A4B3E308-AE89-9E68-4148-DAB093E187E7">
<hideElementsInCurrentOnly>false</hideElementsInCurrentOnly>
<bounds x="761" y="581" width="110" height="72"/>
</OView>
<OView class="oracle.dbtools.crest.swingui.relational.TVTable" oid="3FDC49B5-D3DB-7A5E-5ED9-D62DBFF3012E" otype="Table" vid="046DC1F3-38AA-727D-B9BA-5058286DFCA4">
<hideElementsInCurrentOnly>false</hideElementsInCurrentOnly>
<bounds x="893" y="457" width="83" height="40"/>
</OView>
<OView class="oracle.dbtools.crest.swingui.relational.TVTable" oid="42B02187-6DFC-0CD2-C003-CB84F4FFBB03" otype="Table" vid="D6564AEA-31B4-3F19-E2B9-69D690C8CE30">
<hideElementsInCurrentOnly>false</hideElementsInCurrentOnly>
<bounds x="230" y="0" width="236" height="128"/>
</OView>
<OView class="oracle.dbtools.crest.swingui.relational.TVTable" oid="515FD894-1EE6-F5A1-FA12-83D14D8BBD07" otype="Table" vid="DA83F9B6-0D83-B0AC-E36A-75750653885E">
<hideElementsInCurrentOnly>false</hideElementsInCurrentOnly>
<bounds x="869" y="292" width="111" height="83"/>
</OView>
<OView class="oracle.dbtools.crest.swingui.relational.TVTable" oid="573AC6CF-A743-A28E-69B4-BFA73F761425" otype="Table" vid="5D1FE580-97CC-61F3-F779-5A430CE6443F">
<hideElementsInCurrentOnly>false</hideElementsInCurrentOnly>
<bounds x="761" y="248" width="107" height="64"/>
</OView>
<OView class="oracle.dbtools.crest.swingui.relational.TVTable" oid="817D6136-01AD-6703-B4C0-F1B2C951AD27" otype="Table" vid="843D8C2C-4D01-EFC2-EA04-7BA4EE338AB5">
<hideElementsInCurrentOnly>false</hideElementsInCurrentOnly>
<bounds x="763" y="368" width="82" height="38"/>
</OView>
<OView class="oracle.dbtools.crest.swingui.relational.TVTable" oid="851066CB-8711-1F51-87FA-46C0B8EEE0D6" otype="Table" vid="3D867A80-EB4C-118E-BF37-D1AC1FB23D3A">
<hideElementsInCurrentOnly>false</hideElementsInCurrentOnly>
<bounds x="886" y="602" width="94" height="63"/>
</OView>
<OView class="oracle.dbtools.crest.swingui.relational.TVTable" oid="8E311664-5E44-BC4E-BFE3-07D2923B3FFB" otype="Table" vid="FC484A51-FD42-42CD-060B-86F0471D6D10">
<hideElementsInCurrentOnly>false</hideElementsInCurrentOnly>
<bounds x="488" y="32" width="96" height="77"/>
</OView>
<OView class="oracle.dbtools.crest.swingui.relational.TVTable" oid="8E8B8AF9-669D-6239-6EBF-C52DDC5CFA20" otype="Table" vid="6AB31EB1-DA30-D311-6F07-1434EB055B67">
<hideElementsInCurrentOnly>false</hideElementsInCurrentOnly>
<bounds x="496" y="445" width="144" height="60"/>
</OView>
<OView class="oracle.dbtools.crest.swingui.relational.TVTable" oid="930D682F-A40A-CE99-299A-7728A6EC4325" otype="Table" vid="208C4AB5-C62F-C0ED-AC50-64D1823CFC04">
<hideElementsInCurrentOnly>false</hideElementsInCurrentOnly>
<bounds x="450" y="523" width="130" height="103"/>
</OView>
<OView class="oracle.dbtools.crest.swingui.relational.TVTable" oid="952F0035-AE93-2778-48BB-77BA614ADCA2" otype="Table" vid="753E5FDE-C45C-1691-477D-8A32ECBA3D66">
<hideElementsInCurrentOnly>false</hideElementsInCurrentOnly>
<bounds x="626" y="96" width="96" height="67"/>
</OView>
<OView class="oracle.dbtools.crest.swingui.relational.TVTable" oid="96AE4358-0793-6DF4-6FB1-B965CDFF97A9" otype="Table" vid="1C95E5EF-3FE3-BE78-78EB-54E08DE8A4EA">
<hideElementsInCurrentOnly>false</hideElementsInCurrentOnly>
<bounds x="49" y="240" width="86" height="53"/>
</OView>
<OView class="oracle.dbtools.crest.swingui.relational.TVTable" oid="973FD66D-8328-4AA0-FDB7-031B8C075B7B" otype="Table" vid="A65F6C18-6900-F1E4-10A6-42F2BC40F795">
<hideElementsInCurrentOnly>false</hideElementsInCurrentOnly>
<bounds x="239" y="45" width="100" height="73"/>
</OView>
<OView class="oracle.dbtools.crest.swingui.relational.TVTable" oid="A8616B32-1041-80BB-A061-12C44D5AC620" otype="Table" vid="73AA8231-C1D9-D90B-A6DE-9807355CC3D7">
<hideElementsInCurrentOnly>false</hideElementsInCurrentOnly>
<bounds x="879" y="386" width="97" height="65"/>
</OView>
<OView class="oracle.dbtools.crest.swingui.relational.TVTable" oid="B108E31D-95E5-00A8-E777-132C7351A1EC" otype="Table" vid="58EC4026-C99E-C981-8A33-DC7369A54943">
<hideElementsInCurrentOnly>false</hideElementsInCurrentOnly>
<bounds x="495" y="377" width="146" height="61"/>
</OView>
<OView class="oracle.dbtools.crest.swingui.relational.TVTable" oid="BAA87004-8169-D48B-3765-EDA247011A80" otype="Table" vid="4754A594-5955-4B32-0DFA-CC9C7F59E648">
<hideElementsInCurrentOnly>false</hideElementsInCurrentOnly>
<bounds x="751" y="205" width="239" height="477"/>
</OView>
<OView class="oracle.dbtools.crest.swingui.relational.TVTable" oid="BCBEC972-D4D0-4184-127A-DB037B112D95" otype="Table" vid="CF8FCB23-F8EE-DDC5-C6A2-9D8F125D8D4C">
<hideElementsInCurrentOnly>false</hideElementsInCurrentOnly>
<bounds x="207" y="223" width="124" height="106"/>
</OView>
<OView class="oracle.dbtools.crest.swingui.relational.TVTable" oid="BE3D38F1-0C43-2D2A-6971-D2F0A94446FB" otype="Table" vid="1F2DD070-0866-05AE-3F3E-FB007973C665">
<hideElementsInCurrentOnly>false</hideElementsInCurrentOnly>
<bounds x="514" y="229" width="86" height="72"/>
</OView>
<OView class="oracle.dbtools.crest.swingui.relational.TVTable" oid="DE752348-BC69-7268-9733-BD3DB70FBEB3" otype="Table" vid="1DB262A7-AAAA-AADC-0F9E-0BAB04148A3D">
<hideElementsInCurrentOnly>false</hideElementsInCurrentOnly>
<bounds x="761" y="416" width="108" height="70"/>
</OView>
<OView class="oracle.dbtools.crest.swingui.relational.TVTable" oid="F247A05D-21EB-7220-A2BA-0045F4238EFD" otype="Table" vid="FEE3B470-DF24-0EAF-062B-7A084BEA7B34">
<hideElementsInCurrentOnly>false</hideElementsInCurrentOnly>
<bounds x="831" y="88" width="115" height="75"/>
</OView>
<OView class="oracle.dbtools.crest.swingui.relational.TVTable" oid="F62F0BA3-6653-3F0E-CC18-578F4D07BF3F" otype="Table" vid="EB1F7D39-1500-3767-56A2-B8388FF0592D">
<hideElementsInCurrentOnly>false</hideElementsInCurrentOnly>
<bounds x="232" y="142" width="81" height="64"/>
</OView>
<OView class="oracle.dbtools.crest.swingui.relational.TVTable" oid="FD9A8CF1-150F-001D-9C02-340CF94CA918" otype="Table" vid="201F83BC-A5ED-1346-D77B-9C34F01DE084">
<hideElementsInCurrentOnly>false</hideElementsInCurrentOnly>
<bounds x="753" y="322" width="96" height="38"/>
</OView>
</objectViews>
<connectors>
<Connector class="oracle.dbtools.crest.swingui.relational.TVFKRelation" oid="0352F5B8-676F-836D-8A14-52A4B43E86A9" otype="FKIndexAssociation" vid_source="843D8C2C-4D01-EFC2-EA04-7BA4EE338AB5" vid_target="58EC4026-C99E-C981-8A33-DC7369A54943">
<hideElementsInCurrentOnly>false</hideElementsInCurrentOnly>
<backgroundColor>-16777216</backgroundColor>
<lineWidth>1</lineWidth>
<points>
<point x="763" y="391"/>
<point x="641" y="391"/>
</points>
</Connector>
<Connector class="oracle.dbtools.crest.swingui.relational.TVFKRelation" oid="080B7A81-8560-75DD-3B9C-E2C059E3966C" otype="FKIndexAssociation" vid_source="4754A594-5955-4B32-0DFA-CC9C7F59E648" vid_target="843D8C2C-4D01-EFC2-EA04-7BA4EE338AB5">
<hideElementsInCurrentOnly>false</hideElementsInCurrentOnly>
<backgroundColor>-16777216</backgroundColor>
<lineWidth>1</lineWidth>
<points>
<point x="990" y="387"/>
<point x="763" y="387"/>
</points>
</Connector>
<Connector class="oracle.dbtools.crest.swingui.relational.TVFKRelation" oid="0A46C879-3D4A-EADE-C448-D0CED027D6EF" otype="FKIndexAssociation" vid_source="4754A594-5955-4B32-0DFA-CC9C7F59E648" vid_target="A4B3E308-AE89-9E68-4148-DAB093E187E7">
<hideElementsInCurrentOnly>false</hideElementsInCurrentOnly>
<backgroundColor>-16777216</backgroundColor>
<lineWidth>1</lineWidth>
<points>
<point x="990" y="617"/>
<point x="761" y="617"/>
</points>
</Connector>
<Connector class="oracle.dbtools.crest.swingui.relational.TVFKRelation" oid="0C400651-6637-FCC9-BDAF-7BC8ED524A22" otype="FKIndexAssociation" vid_source="A65F6C18-6900-F1E4-10A6-42F2BC40F795" vid_target="3D1D172E-8EF9-6F7A-ED6B-A6F6CCE1293C">
<hideElementsInCurrentOnly>false</hideElementsInCurrentOnly>
<backgroundColor>-16777216</backgroundColor>
<lineWidth>1</lineWidth>
<points>
<point x="249" y="118"/>
<point x="249" y="395"/>
</points>
</Connector>
<Connector class="oracle.dbtools.crest.swingui.relational.TVFKRelation" oid="0D86A2E2-7C69-3B0E-A27C-9EEEE1A9AAAF" otype="FKIndexAssociation" vid_source="B59E3AA3-0BC7-25AF-6019-03AAD945ED11" vid_target="A7AFB794-ED48-BA3D-3907-624086DE1798">
<hideElementsInCurrentOnly>false</hideElementsInCurrentOnly>
<backgroundColor>-16777216</backgroundColor>
<lineWidth>1</lineWidth>
<points>
<point x="367" y="92"/>
<point x="367" y="395"/>
</points>
</Connector>
<Connector class="oracle.dbtools.crest.swingui.relational.TVFKRelation" oid="12D32F6B-B156-1013-014C-6B728142E0A0" otype="FKIndexAssociation" vid_source="EB1F7D39-1500-3767-56A2-B8388FF0592D" vid_target="753E5FDE-C45C-1691-477D-8A32ECBA3D66">
<hideElementsInCurrentOnly>false</hideElementsInCurrentOnly>
<backgroundColor>-16777216</backgroundColor>
<lineWidth>1</lineWidth>
<points>
<point x="313" y="152"/>
<point x="626" y="152"/>
</points>
</Connector>
<Connector class="oracle.dbtools.crest.swingui.relational.TVFKRelation" oid="175C6390-68F3-3569-DD17-0ED17164BC7C" otype="FKIndexAssociation" vid_source="753E5FDE-C45C-1691-477D-8A32ECBA3D66" vid_target="FC484A51-FD42-42CD-060B-86F0471D6D10">
<hideElementsInCurrentOnly>false</hideElementsInCurrentOnly>
<backgroundColor>-16777216</backgroundColor>
<lineWidth>1</lineWidth>
<points>
<point x="626" y="102"/>
<point x="584" y="102"/>
</points>
</Connector>
<Connector class="oracle.dbtools.crest.swingui.relational.TVFKRelation" oid="209B3DFD-2C95-8A28-17AD-43F05BA414FF" otype="FKIndexAssociation" vid_source="D6564AEA-31B4-3F19-E2B9-69D690C8CE30" vid_target="B59E3AA3-0BC7-25AF-6019-03AAD945ED11">
<hideElementsInCurrentOnly>false</hideElementsInCurrentOnly>
<backgroundColor>-16777216</backgroundColor>
<lineWidth>1</lineWidth>
<points>
<point x="466" y="67"/>
<point x="349" y="67"/>
</points>
</Connector>
<Connector class="oracle.dbtools.crest.swingui.relational.TVFKRelation" oid="287F7254-0FD7-E4C2-23E6-1E1D5F2C8966" otype="FKIndexAssociation" vid_source="EB1F7D39-1500-3767-56A2-B8388FF0592D" vid_target="CF8FCB23-F8EE-DDC5-C6A2-9D8F125D8D4C">
<hideElementsInCurrentOnly>false</hideElementsInCurrentOnly>
<backgroundColor>-16777216</backgroundColor>
<lineWidth>1</lineWidth>
<points>
<point x="272" y="206"/>
<point x="272" y="223"/>
</points>
</Connector>
<Connector class="oracle.dbtools.crest.swingui.relational.TVFKRelation" oid="30D6DFAC-7ABB-C619-DE9B-69B7953824CB" otype="FKIndexAssociation" vid_source="CF8FCB23-F8EE-DDC5-C6A2-9D8F125D8D4C" vid_target="A65F6C18-6900-F1E4-10A6-42F2BC40F795">
<hideElementsInCurrentOnly>false</hideElementsInCurrentOnly>
<backgroundColor>-16777216</backgroundColor>
<lineWidth>1</lineWidth>
<points>
<point x="285" y="223"/>
<point x="285" y="118"/>
</points>
</Connector>
<Connector class="oracle.dbtools.crest.swingui.relational.TVFKRelation" oid="5477F6DC-A1AE-0142-DC32-76C8FDBC442A" otype="FKIndexAssociation" vid_source="4754A594-5955-4B32-0DFA-CC9C7F59E648" vid_target="208C4AB5-C62F-C0ED-AC50-64D1823CFC04">
<hideElementsInCurrentOnly>false</hideElementsInCurrentOnly>
<backgroundColor>-16777216</backgroundColor>
<lineWidth>1</lineWidth>
<points>
<point x="751" y="574"/>
<point x="580" y="574"/>
</points>
</Connector>
<Connector class="oracle.dbtools.crest.swingui.relational.TVFKRelation" oid="58285727-9213-D69D-7606-18F26EBE2DE5" otype="FKIndexAssociation" vid_source="4754A594-5955-4B32-0DFA-CC9C7F59E648" vid_target="FC484A51-FD42-42CD-060B-86F0471D6D10">
<hideElementsInCurrentOnly>false</hideElementsInCurrentOnly>
<backgroundColor>-16777216</backgroundColor>
<lineWidth>1</lineWidth>
<points>
<point x="751" y="310"/>
<point x="570" y="109"/>
</points>
</Connector>
<Connector class="oracle.dbtools.crest.swingui.relational.TVFKRelation" oid="618B81B7-0783-291A-C7E1-FB6B670009BC" otype="FKIndexAssociation" vid_source="753E5FDE-C45C-1691-477D-8A32ECBA3D66" vid_target="208C4AB5-C62F-C0ED-AC50-64D1823CFC04">
<hideElementsInCurrentOnly>false</hideElementsInCurrentOnly>
<backgroundColor>-16777216</backgroundColor>
<lineWidth>1</lineWidth>
<points>
<point x="662" y="163"/>
<point x="533" y="523"/>
</points>
</Connector>
<Connector class="oracle.dbtools.crest.swingui.relational.TVFKRelation" oid="657AF268-C483-C17D-75F5-3B130A496030" otype="FKIndexAssociation" vid_source="4754A594-5955-4B32-0DFA-CC9C7F59E648" vid_target="3D867A80-EB4C-118E-BF37-D1AC1FB23D3A">
<hideElementsInCurrentOnly>false</hideElementsInCurrentOnly>
<backgroundColor>-16777216</backgroundColor>
<lineWidth>1</lineWidth>
<points>
<point x="990" y="633"/>
<point x="886" y="633"/>
</points>
</Connector>
<Connector class="oracle.dbtools.crest.swingui.relational.TVFKRelation" oid="6721B857-BCEA-F462-396B-504EDC654153" otype="FKIndexAssociation" vid_source="4754A594-5955-4B32-0DFA-CC9C7F59E648" vid_target="56EE77D5-21A2-2C3A-BD04-C317988D3D4A">
<hideElementsInCurrentOnly>false</hideElementsInCurrentOnly>
<backgroundColor>-16777216</backgroundColor>
<lineWidth>1</lineWidth>
<points>
<point x="990" y="264"/>
<point x="881" y="264"/>
</points>
</Connector>
<Connector class="oracle.dbtools.crest.swingui.relational.TVFKRelation" oid="6DC8FA3F-3D11-26D6-759B-45957582583E" otype="FKIndexAssociation" vid_source="D6564AEA-31B4-3F19-E2B9-69D690C8CE30" vid_target="A65F6C18-6900-F1E4-10A6-42F2BC40F795">
<hideElementsInCurrentOnly>false</hideElementsInCurrentOnly>
<backgroundColor>-16777216</backgroundColor>
<lineWidth>1</lineWidth>
<points>
<point x="466" y="81"/>
<point x="239" y="81"/>
</points>
</Connector>
<Connector class="oracle.dbtools.crest.swingui.relational.TVFKRelation" oid="6E47950F-5933-2A82-63E5-F1C3B2084030" otype="FKIndexAssociation" vid_source="4754A594-5955-4B32-0DFA-CC9C7F59E648" vid_target="73AA8231-C1D9-D90B-A6DE-9807355CC3D7">
<hideElementsInCurrentOnly>false</hideElementsInCurrentOnly>
<backgroundColor>-16777216</backgroundColor>
<lineWidth>1</lineWidth>
<points>
<point x="990" y="418"/>
<point x="879" y="418"/>
</points>
</Connector>
<Connector class="oracle.dbtools.crest.swingui.relational.TVFKRelation" oid="6FA387E7-B448-AD63-5BA4-9381AD9CAA66" otype="FKIndexAssociation" vid_source="A7AFB794-ED48-BA3D-3907-624086DE1798" vid_target="CF8FCB23-F8EE-DDC5-C6A2-9D8F125D8D4C">
<hideElementsInCurrentOnly>false</hideElementsInCurrentOnly>
<backgroundColor>-16777216</backgroundColor>
<lineWidth>1</lineWidth>
<points>
<point x="299" y="395"/>
<point x="299" y="329"/>
</points>
</Connector>
<Connector class="oracle.dbtools.crest.swingui.relational.TVFKRelation" oid="725ADF6C-D95D-34CD-D204-FD3CF5449D0C" otype="FKIndexAssociation" vid_source="4754A594-5955-4B32-0DFA-CC9C7F59E648" vid_target="201F83BC-A5ED-1346-D77B-9C34F01DE084">
<hideElementsInCurrentOnly>false</hideElementsInCurrentOnly>
<backgroundColor>-16777216</backgroundColor>
<lineWidth>1</lineWidth>
<points>
<point x="990" y="341"/>
<point x="753" y="341"/>
</points>
</Connector>
<Connector class="oracle.dbtools.crest.swingui.relational.TVFKRelation" oid="80D32EB8-89CD-A802-DCD0-1B84DDEB1291" otype="FKIndexAssociation" vid_source="B59E3AA3-0BC7-25AF-6019-03AAD945ED11" vid_target="3D1D172E-8EF9-6F7A-ED6B-A6F6CCE1293C">
<hideElementsInCurrentOnly>false</hideElementsInCurrentOnly>
<backgroundColor>-16777216</backgroundColor>
<lineWidth>1</lineWidth>
<points>
<point x="385" y="92"/>
<point x="211" y="395"/>
</points>
</Connector>
<Connector class="oracle.dbtools.crest.swingui.relational.TVFKRelation" oid="8674EAE0-00F1-C9D1-5CE2-6523547F5786" otype="FKIndexAssociation" vid_source="CF8FCB23-F8EE-DDC5-C6A2-9D8F125D8D4C" vid_target="3D1D172E-8EF9-6F7A-ED6B-A6F6CCE1293C">
<hideElementsInCurrentOnly>false</hideElementsInCurrentOnly>
<backgroundColor>-16777216</backgroundColor>
<lineWidth>1</lineWidth>
<points>
<point x="233" y="329"/>
<point x="233" y="395"/>
</points>
</Connector>
<Connector class="oracle.dbtools.crest.swingui.relational.TVFKRelation" oid="8903E07F-53CE-9D11-434C-74F63CEF1F9E" otype="FKIndexAssociation" vid_source="5D1FE580-97CC-61F3-F779-5A430CE6443F" vid_target="1F2DD070-0866-05AE-3F3E-FB007973C665">
<hideElementsInCurrentOnly>false</hideElementsInCurrentOnly>
<backgroundColor>-16777216</backgroundColor>
<lineWidth>1</lineWidth>
<points>
<point x="761" y="274"/>
<point x="600" y="274"/>
</points>
</Connector>
<Connector class="oracle.dbtools.crest.swingui.relational.TVFKRelation" oid="8C60E1A0-7DE1-B127-F70F-C9457E55F81A" otype="FKIndexAssociation" vid_source="1C95E5EF-3FE3-BE78-78EB-54E08DE8A4EA" vid_target="CF8FCB23-F8EE-DDC5-C6A2-9D8F125D8D4C">
<hideElementsInCurrentOnly>false</hideElementsInCurrentOnly>
<backgroundColor>-16777216</backgroundColor>
<lineWidth>1</lineWidth>
<points>
<point x="135" y="266"/>
<point x="207" y="266"/>
</points>
</Connector>
<Connector class="oracle.dbtools.crest.swingui.relational.TVFKRelation" oid="8C956BC2-DF3C-AC75-6594-8DCD7C7F8731" otype="FKIndexAssociation" vid_source="3D1D172E-8EF9-6F7A-ED6B-A6F6CCE1293C" vid_target="CF8FCB23-F8EE-DDC5-C6A2-9D8F125D8D4C">
<hideElementsInCurrentOnly>false</hideElementsInCurrentOnly>
<backgroundColor>-16777216</backgroundColor>
<lineWidth>1</lineWidth>
<points>
<point x="233" y="395"/>
<point x="233" y="329"/>
</points>
</Connector>
<Connector class="oracle.dbtools.crest.swingui.relational.TVFKRelation" oid="8D8D6776-21C5-AB3E-ACFF-B97956069AA9" otype="FKIndexAssociation" vid_source="EB1F7D39-1500-3767-56A2-B8388FF0592D" vid_target="D6564AEA-31B4-3F19-E2B9-69D690C8CE30">
<hideElementsInCurrentOnly>false</hideElementsInCurrentOnly>
<backgroundColor>-16777216</backgroundColor>
<lineWidth>1</lineWidth>
<points>
<point x="272" y="142"/>
<point x="272" y="128"/>
</points>
</Connector>
<Connector class="oracle.dbtools.crest.swingui.relational.TVFKRelation" oid="96C1537D-5E26-703D-68F7-636767EE4E21" otype="FKIndexAssociation" vid_source="4754A594-5955-4B32-0DFA-CC9C7F59E648" vid_target="DA83F9B6-0D83-B0AC-E36A-75750653885E">
<hideElementsInCurrentOnly>false</hideElementsInCurrentOnly>
<backgroundColor>-16777216</backgroundColor>
<lineWidth>1</lineWidth>
<points>
<point x="990" y="318"/>
<point x="869" y="318"/>
</points>
</Connector>
<Connector class="oracle.dbtools.crest.swingui.relational.TVFKRelation" oid="99721755-CCDC-BBD3-ACC6-91C73F4F117B" otype="FKIndexAssociation" vid_source="4754A594-5955-4B32-0DFA-CC9C7F59E648" vid_target="1DB262A7-AAAA-AADC-0F9E-0BAB04148A3D">
<hideElementsInCurrentOnly>false</hideElementsInCurrentOnly>
<backgroundColor>-16777216</backgroundColor>
<lineWidth>1</lineWidth>
<points>
<point x="990" y="451"/>
<point x="761" y="451"/>
</points>
</Connector>
<Connector class="oracle.dbtools.crest.swingui.relational.TVFKRelation" oid="A3433507-77B9-9301-231B-07BE3D7F19B3" otype="FKIndexAssociation" vid_source="A65F6C18-6900-F1E4-10A6-42F2BC40F795" vid_target="CF8FCB23-F8EE-DDC5-C6A2-9D8F125D8D4C">
<hideElementsInCurrentOnly>false</hideElementsInCurrentOnly>
<backgroundColor>-16777216</backgroundColor>
<lineWidth>1</lineWidth>
<points>
<point x="285" y="118"/>
<point x="285" y="223"/>
</points>
</Connector>
<Connector class="oracle.dbtools.crest.swingui.relational.TVFKRelation" oid="A8FE9B94-077B-8BD4-B604-456AEBBCDFBD" otype="FKIndexAssociation" vid_source="201F83BC-A5ED-1346-D77B-9C34F01DE084" vid_target="607BD108-77AA-3011-81CF-6A4592A17474">
<hideElementsInCurrentOnly>false</hideElementsInCurrentOnly>
<backgroundColor>-16777216</backgroundColor>
<lineWidth>1</lineWidth>
<points>
<point x="753" y="341"/>
<point x="652" y="341"/>
</points>
</Connector>
<Connector class="oracle.dbtools.crest.swingui.relational.TVFKRelation" oid="AE986F9D-236E-FE3E-64F6-1C75C6610EB8" otype="FKIndexAssociation" vid_source="EB1F7D39-1500-3767-56A2-B8388FF0592D" vid_target="4754A594-5955-4B32-0DFA-CC9C7F59E648">
<hideElementsInCurrentOnly>false</hideElementsInCurrentOnly>
<backgroundColor>-16777216</backgroundColor>
<lineWidth>1</lineWidth>
<points>
<point x="313" y="205"/>
<point x="751" y="205"/>
</points>
</Connector>
<Connector class="oracle.dbtools.crest.swingui.relational.TVFKRelation" oid="BD180E3A-E6A4-BA90-E4EE-B9C536D69DB6" otype="FKIndexAssociation" vid_source="CF8FCB23-F8EE-DDC5-C6A2-9D8F125D8D4C" vid_target="A7AFB794-ED48-BA3D-3907-624086DE1798">
<hideElementsInCurrentOnly>false</hideElementsInCurrentOnly>
<backgroundColor>-16777216</backgroundColor>
<lineWidth>1</lineWidth>
<points>
<point x="299" y="329"/>
<point x="299" y="395"/>
</points>
</Connector>
<Connector class="oracle.dbtools.crest.swingui.relational.TVFKRelation" oid="D3C7C79A-40ED-E9AD-9FC0-1B33B462B1C9" otype="FKIndexAssociation" vid_source="4754A594-5955-4B32-0DFA-CC9C7F59E648" vid_target="5D1FE580-97CC-61F3-F779-5A430CE6443F">
<hideElementsInCurrentOnly>false</hideElementsInCurrentOnly>
<backgroundColor>-16777216</backgroundColor>
<lineWidth>1</lineWidth>
<points>
<point x="990" y="280"/>
<point x="761" y="280"/>
</points>
</Connector>
<Connector class="oracle.dbtools.crest.swingui.relational.TVFKRelation" oid="DEE9D0E8-A8DB-A69D-D8D7-55AAF9842CB9" otype="FKIndexAssociation" vid_source="FEE3B470-DF24-0EAF-062B-7A084BEA7B34" vid_target="753E5FDE-C45C-1691-477D-8A32ECBA3D66">
<hideElementsInCurrentOnly>false</hideElementsInCurrentOnly>
<backgroundColor>-16777216</backgroundColor>
<lineWidth>1</lineWidth>
<points>
<point x="831" y="129"/>
<point x="722" y="129"/>
</points>
</Connector>
<Connector class="oracle.dbtools.crest.swingui.relational.TVFKRelation" oid="E00724C9-8BBA-E004-072A-4B2E60539940" otype="FKIndexAssociation" vid_source="4754A594-5955-4B32-0DFA-CC9C7F59E648" vid_target="B390C52F-2DE9-FF93-7250-B5B75E3ACC03">
<hideElementsInCurrentOnly>false</hideElementsInCurrentOnly>
<backgroundColor>-16777216</backgroundColor>
<lineWidth>1</lineWidth>
<points>
<point x="990" y="532"/>
<point x="767" y="532"/>
</points>
</Connector>
<Connector class="oracle.dbtools.crest.swingui.relational.TVFKRelation" oid="EFAB8053-D7C3-D577-FB0A-309A6512B6D8" otype="FKIndexAssociation" vid_source="4754A594-5955-4B32-0DFA-CC9C7F59E648" vid_target="E6622209-7F56-D191-F394-4B6FA12C5C8F">
<hideElementsInCurrentOnly>false</hideElementsInCurrentOnly>
<backgroundColor>-16777216</backgroundColor>
<lineWidth>1</lineWidth>
<points>
<point x="990" y="553"/>
<point x="877" y="553"/>
</points>
</Connector>
<Connector class="oracle.dbtools.crest.swingui.relational.TVFKRelation" oid="F6736255-0CF7-C984-F4B9-CEEF3B33E54A" otype="FKIndexAssociation" vid_source="4754A594-5955-4B32-0DFA-CC9C7F59E648" vid_target="046DC1F3-38AA-727D-B9BA-5058286DFCA4">
<hideElementsInCurrentOnly>false</hideElementsInCurrentOnly>
<backgroundColor>-16777216</backgroundColor>
<lineWidth>1</lineWidth>
<points>
<point x="990" y="477"/>
<point x="893" y="477"/>
</points>
</Connector>
<Connector class="oracle.dbtools.crest.swingui.relational.TVFKRelation" oid="F9522B18-EDE7-B557-249F-050B76519E86" otype="FKIndexAssociation" vid_source="A65F6C18-6900-F1E4-10A6-42F2BC40F795" vid_target="A7AFB794-ED48-BA3D-3907-624086DE1798">
<hideElementsInCurrentOnly>false</hideElementsInCurrentOnly>
<backgroundColor>-16777216</backgroundColor>
<lineWidth>1</lineWidth>
<points>
<point x="318" y="118"/>
<point x="318" y="395"/>
</points>
</Connector>
<Connector class="oracle.dbtools.crest.swingui.relational.TVFKRelation" oid="FEDD4C52-297B-3F33-B4D8-695D90E46A1F" otype="FKIndexAssociation" vid_source="1DB262A7-AAAA-AADC-0F9E-0BAB04148A3D" vid_target="6AB31EB1-DA30-D311-6F07-1434EB055B67">
<hideElementsInCurrentOnly>false</hideElementsInCurrentOnly>
<backgroundColor>-16777216</backgroundColor>
<lineWidth>1</lineWidth>
<points>
<point x="761" y="480"/>
<point x="640" y="480"/>
</points>
</Connector>
</connectors>
<arcs>
<Arc class="oracle.dbtools.crest.swingui.relational.TVFKArc" oid="1B98256C-2720-F8A0-7B6B-55433354ECA4" otype="FKArc" vid="865D1135-3FB7-FC93-8F9C-07C154601EAF">
<hideElementsInCurrentOnly>false</hideElementsInCurrentOnly>
<bounds x="731" y="185" width="279" height="517"/>
</Arc>
<Arc class="oracle.dbtools.crest.swingui.relational.TVFKArc" oid="FEA55AB4-34D4-AEAE-7BBA-1465140CA3B2" otype="FKArc" vid="452A79FD-AC89-4165-D222-20C27118D75B">
<hideElementsInCurrentOnly>false</hideElementsInCurrentOnly>
<bounds x="210" y="-20" width="276" height="168"/>
</Arc>
</arcs>
</Diagram>