<?xml version = '1.0' encoding = 'UTF-8'?>
<FKArc class="oracle.dbtools.crest.model.design.relational.FKArc" directorySegmentName="seg_0" id="1B98256C-2720-F8A0-7B6B-55433354ECA4" name="FKArc_1">
<createdBy>marianapinedamiranda</createdBy>
<createdTime>2023-10-02 03:06:33 UTC</createdTime>
<ownerDesignName>ProyectoSistrans</ownerDesignName>
<mandatory>false</mandatory>
<reverseArc>true</reverseArc>
<table>BAA87004-8169-D48B-3765-EDA247011A80</table>
<fkeys>
<fkeyID>E00724C9-8BBA-E004-072A-4B2E60539940</fkeyID>
<fkeyID>657AF268-C483-C17D-75F5-3B130A496030</fkeyID>
<fkeyID>EFAB8053-D7C3-D577-FB0A-309A6512B6D8</fkeyID>
<fkeyID>080B7A81-8560-75DD-3B9C-E2C059E3966C</fkeyID>
<fkeyID>6E47950F-5933-2A82-63E5-F1C3B2084030</fkeyID>
<fkeyID>725ADF6C-D95D-34CD-D204-FD3CF5449D0C</fkeyID>
<fkeyID>0A46C879-3D4A-EADE-C448-D0CED027D6EF</fkeyID>
<fkeyID>96C1537D-5E26-703D-68F7-636767EE4E21</fkeyID>
<fkeyID>6721B857-BCEA-F462-396B-504EDC654153</fkeyID>
<fkeyID>99721755-CCDC-BBD3-ACC6-91C73F4F117B</fkeyID>
<fkeyID>D3C7C79A-40ED-E9AD-9FC0-1B33B462B1C9</fkeyID>
<fkeyID>F6736255-0CF7-C984-F4B9-CEEF3B33E54A</fkeyID>
</fkeys>
</FKArc>