<?xml version = '1.0' encoding = 'UTF-8'?>
<FKArc class="oracle.dbtools.crest.model.design.relational.FKArc" directorySegmentName="seg_0" id="FEA55AB4-34D4-AEAE-7BBA-1465140CA3B2" name="FKArc_2">
<createdBy>marianapinedamiranda</createdBy>
<createdTime>2023-10-02 03:06:33 UTC</createdTime>
<ownerDesignName>ProyectoSistrans</ownerDesignName>
<mandatory>false</mandatory>
<reverseArc>true</reverseArc>
<table>42B02187-6DFC-0CD2-C003-CB84F4FFBB03</table>
<fkeys>
<fkeyID>6DC8FA3F-3D11-26D6-759B-45957582583E</fkeyID>
<fkeyID>209B3DFD-2C95-8A28-17AD-43F05BA414FF</fkeyID>
</fkeys>
</FKArc>