<?xml version = '1.0' encoding = 'UTF-8'?>
<FKIndexAssociation class="oracle.dbtools.crest.model.design.relational.FKIndexAssociation" directorySegmentName="seg_0" id="0352F5B8-676F-836D-8A14-52A4B43E86A9" containerWithKeyObject="B108E31D-95E5-00A8-E777-132C7351A1EC" localFKIndex="2A4FAFEE-B63B-A509-6B77-7FF199C42812" name="Productos_Tienda_Tiendas_FK">
<createdBy>marianapinedamiranda</createdBy>
<createdTime>2023-10-02 03:06:33 UTC</createdTime>
<generatorID>299C7657-CE99-523B-3384-5EA85DD8CFEB</generatorID>
<ownerDesignName>ProyectoSistrans</ownerDesignName>
<referredTableLongName>Tiendas</referredTableLongName>
<deleteRule>NO ACTION</deleteRule>
<referredTableID>817D6136-01AD-6703-B4C0-F1B2C951AD27</referredTableID>
<keyObject>A8C5DD77-D7DF-599A-E35B-F4101C5B5991</keyObject>
<referredKeyID>A8C5DD77-D7DF-599A-E35B-F4101C5B5991</referredKeyID>
<mandatory>true</mandatory>
<refColNames>id_servicio</refColNames>
<transferable>true</transferable>
<rely>false</rely>
<columnDependencyConstraintGenerateInDDL>true</columnDependencyConstraintGenerateInDDL>
</FKIndexAssociation>