<?xml version = '1.0' encoding = 'UTF-8'?>
<FKIndexAssociation class="oracle.dbtools.crest.model.design.relational.FKIndexAssociation" directorySegmentName="seg_0" id="080B7A81-8560-75DD-3B9C-E2C059E3966C" containerWithKeyObject="817D6136-01AD-6703-B4C0-F1B2C951AD27" localFKIndex="3F255B11-8EC1-4A4D-399A-41E919CA9CD9" name="Tiendas_Servicios_FK">
<createdBy>marianapinedamiranda</createdBy>
<createdTime>2023-10-02 03:06:33 UTC</createdTime>
<generatorID>36F55939-0CCC-8E83-8881-243CD9CDC73F</generatorID>
<ownerDesignName>ProyectoSistrans</ownerDesignName>
<referredTableLongName>Servicios</referredTableLongName>
<arc>1B98256C-2720-F8A0-7B6B-55433354ECA4</arc>
<deleteRule>NO ACTION</deleteRule>
<referredTableID>BAA87004-8169-D48B-3765-EDA247011A80</referredTableID>
<keyObject>F45AFE49-4212-6238-E909-728E9B911C3E</keyObject>
<referredKeyID>F45AFE49-4212-6238-E909-728E9B911C3E</referredKeyID>
<mandatory>true</mandatory>
<refColNames>id_servicio</refColNames>
<transferable>true</transferable>
<rely>false</rely>
<columnDependencyConstraintGenerateInDDL>true</columnDependencyConstraintGenerateInDDL>
</FKIndexAssociation>