<?xml version = '1.0' encoding = 'UTF-8'?>
<FKIndexAssociation class="oracle.dbtools.crest.model.design.relational.FKIndexAssociation" directorySegmentName="seg_0" id="0A46C879-3D4A-EADE-C448-D0CED027D6EF" containerWithKeyObject="3E3CE233-4237-F1CE-35DA-CB7D703ECEFF" localFKIndex="9D578B6B-9D22-5ACC-23D4-129F1A25320B" name="Piscinas_Servicios_FK">
<createdBy>marianapinedamiranda</createdBy>
<createdTime>2023-10-02 03:06:33 UTC</createdTime>
<generatorID>48249D4F-3136-B7B2-69C6-1DA48763D527</generatorID>
<ownerDesignName>ProyectoSistrans</ownerDesignName>
<referredTableLongName>Servicios</referredTableLongName>
<arc>1B98256C-2720-F8A0-7B6B-55433354ECA4</arc>
<deleteRule>NO ACTION</deleteRule>
<referredTableID>BAA87004-8169-D48B-3765-EDA247011A80</referredTableID>
<keyObject>F45AFE49-4212-6238-E909-728E9B911C3E</keyObject>
<referredKeyID>F45AFE49-4212-6238-E909-728E9B911C3E</referredKeyID>
<mandatory>true</mandatory>
<refColNames>id_servicio</refColNames>
<transferable>true</transferable>
<rely>false</rely>
<columnDependencyConstraintGenerateInDDL>true</columnDependencyConstraintGenerateInDDL>
</FKIndexAssociation>