<?xml version = '1.0' encoding = 'UTF-8'?>
<FKIndexAssociation class="oracle.dbtools.crest.model.design.relational.FKIndexAssociation" directorySegmentName="seg_0" id="0C400651-6637-FCC9-BDAF-7BC8ED524A22" containerWithKeyObject="28933A3E-9FF7-027C-E1CA-192C68E1833E" localFKIndex="877122F4-272E-1CA0-F218-120BA19E8DF2" name="Checkins_Clientes_FK">
<createdBy>marianapinedamiranda</createdBy>
<createdTime>2023-10-02 03:06:34 UTC</createdTime>
<generatorID>AA83F5E4-57A7-27A6-2711-F3065C1B126E</generatorID>
<ownerDesignName>ProyectoSistrans</ownerDesignName>
<referredTableLongName>Clientes</referredTableLongName>
<deleteRule>NO ACTION</deleteRule>
<referredTableID>973FD66D-8328-4AA0-FDB7-031B8C075B7B</referredTableID>
<keyObject>5FC63DDC-7687-3853-F404-809BB4C08607</keyObject>
<referredKeyID>5FC63DDC-7687-3853-F404-809BB4C08607</referredKeyID>
<mandatory>true</mandatory>
<refColNames>id</refColNames>
<transferable>true</transferable>
<rely>false</rely>
<columnDependencyConstraintGenerateInDDL>true</columnDependencyConstraintGenerateInDDL>
</FKIndexAssociation>