<?xml version = '1.0' encoding = 'UTF-8'?>
<FKIndexAssociation class="oracle.dbtools.crest.model.design.relational.FKIndexAssociation" directorySegmentName="seg_0" id="0D86A2E2-7C69-3B0E-A27C-9EEEE1A9AAAF" containerWithKeyObject="0E50AC26-0A74-765F-C6C9-16E18F070BEF" localFKIndex="B70C0F97-1AB6-6AED-ADFB-4D2579D38DBF" name="Checkouts_Empleados_FK">
<createdBy>marianapinedamiranda</createdBy>
<createdTime>2023-10-02 03:06:33 UTC</createdTime>
<generatorID>5B4F01C0-C389-BA16-65F7-DC3A03164459</generatorID>
<ownerDesignName>ProyectoSistrans</ownerDesignName>
<referredTableLongName>Empleados</referredTableLongName>
<deleteRule>NO ACTION</deleteRule>
<referredTableID>10101638-ABF8-4DDD-CD27-C38B45F2D5D6</referredTableID>
<keyObject>6A9CC980-2FCD-8372-6BBD-111145127624</keyObject>
<referredKeyID>6A9CC980-2FCD-8372-6BBD-111145127624</referredKeyID>
<mandatory>true</mandatory>
<refColNames>id</refColNames>
<transferable>true</transferable>
<rely>false</rely>
<columnDependencyConstraintGenerateInDDL>true</columnDependencyConstraintGenerateInDDL>
</FKIndexAssociation>