<?xml version = '1.0' encoding = 'UTF-8'?>
<FKIndexAssociation class="oracle.dbtools.crest.model.design.relational.FKIndexAssociation" directorySegmentName="seg_0" id="12D32F6B-B156-1013-014C-6B728142E0A0" containerWithKeyObject="952F0035-AE93-2778-48BB-77BA614ADCA2" localFKIndex="72F14491-2762-7FE9-1902-0C4F0CD2A15B" name="Habitaciones_Hoteles_FK">
<createdBy>marianapinedamiranda</createdBy>
<createdTime>2023-10-02 03:06:33 UTC</createdTime>
<generatorID>88D30F4F-EE73-6C9E-7732-3D61E7FDB8C4</generatorID>
<ownerDesignName>ProyectoSistrans</ownerDesignName>
<referredTableLongName>Hoteles</referredTableLongName>
<deleteRule>NO ACTION</deleteRule>
<referredTableID>F62F0BA3-6653-3F0E-CC18-578F4D07BF3F</referredTableID>
<keyObject>5933E755-6011-0821-6E8A-75F4C871DB59</keyObject>
<referredKeyID>5933E755-6011-0821-6E8A-75F4C871DB59</referredKeyID>
<mandatory>true</mandatory>
<refColNames>nombre</refColNames>
<transferable>true</transferable>
<rely>false</rely>
<columnDependencyConstraintGenerateInDDL>true</columnDependencyConstraintGenerateInDDL>
</FKIndexAssociation>