<?xml version = '1.0' encoding = 'UTF-8'?>
<FKIndexAssociation class="oracle.dbtools.crest.model.design.relational.FKIndexAssociation" directorySegmentName="seg_0" id="175C6390-68F3-3569-DD17-0ED17164BC7C" containerWithKeyObject="8E311664-5E44-BC4E-BFE3-07D2923B3FFB" localFKIndex="9D07CB56-0088-B1E9-D89D-0B4B0B5B2D99" name="Consumos_Habitaciones_FK">
<createdBy>marianapinedamiranda</createdBy>
<createdTime>2023-10-02 03:06:33 UTC</createdTime>
<generatorID>F53BE562-D5F3-531F-E658-93B72AE0E108</generatorID>
<ownerDesignName>ProyectoSistrans</ownerDesignName>
<referredTableLongName>Habitaciones</referredTableLongName>
<deleteRule>NO ACTION</deleteRule>
<referredTableID>952F0035-AE93-2778-48BB-77BA614ADCA2</referredTableID>
<keyObject>6E5D96AF-DEC0-2909-1575-5B6A494725A3</keyObject>
<referredKeyID>6E5D96AF-DEC0-2909-1575-5B6A494725A3</referredKeyID>
<mandatory>true</mandatory>
<refColNames>id_habitacion</refColNames>
<transferable>true</transferable>
<rely>false</rely>
<columnDependencyConstraintGenerateInDDL>true</columnDependencyConstraintGenerateInDDL>
</FKIndexAssociation>