<?xml version = '1.0' encoding = 'UTF-8'?>
<FKIndexAssociation class="oracle.dbtools.crest.model.design.relational.FKIndexAssociation" directorySegmentName="seg_0" id="209B3DFD-2C95-8A28-17AD-43F05BA414FF" containerWithKeyObject="10101638-ABF8-4DDD-CD27-C38B45F2D5D6" localFKIndex="18BFF7FE-6640-D1C8-D324-A589CE4CE94F" name="Empleados_Usuarios_FK">
<createdBy>marianapinedamiranda</createdBy>
<createdTime>2023-10-02 03:06:33 UTC</createdTime>
<generatorID>BCB8E2AF-D153-3250-EC76-8DCC824195B5</generatorID>
<ownerDesignName>ProyectoSistrans</ownerDesignName>
<referredTableLongName>Usuarios</referredTableLongName>
<arc>FEA55AB4-34D4-AEAE-7BBA-1465140CA3B2</arc>
<deleteRule>NO ACTION</deleteRule>
<referredTableID>42B02187-6DFC-0CD2-C003-CB84F4FFBB03</referredTableID>
<keyObject>5DE02808-CC55-023A-8EAD-E56711AEBB6C</keyObject>
<referredKeyID>5DE02808-CC55-023A-8EAD-E56711AEBB6C</referredKeyID>
<mandatory>true</mandatory>
<refColNames>id</refColNames>
<transferable>true</transferable>
<rely>false</rely>
<columnDependencyConstraintGenerateInDDL>true</columnDependencyConstraintGenerateInDDL>
</FKIndexAssociation>