<?xml version = '1.0' encoding = 'UTF-8'?>
<FKIndexAssociation class="oracle.dbtools.crest.model.design.relational.FKIndexAssociation" directorySegmentName="seg_0" id="287F7254-0FD7-E4C2-23E6-1E1D5F2C8966" containerWithKeyObject="BCBEC972-D4D0-4184-127A-DB037B112D95" localFKIndex="B20FEB0C-FB5C-E068-4772-1611890578D1" name="Reservas_Hoteles_FK">
<createdBy>marianapinedamiranda</createdBy>
<createdTime>2023-10-02 03:06:33 UTC</createdTime>
<generatorID>44450ECE-988E-724B-3832-4155B9F0FA30</generatorID>
<ownerDesignName>ProyectoSistrans</ownerDesignName>
<referredTableLongName>Hoteles</referredTableLongName>
<deleteRule>NO ACTION</deleteRule>
<referredTableID>F62F0BA3-6653-3F0E-CC18-578F4D07BF3F</referredTableID>
<keyObject>5933E755-6011-0821-6E8A-75F4C871DB59</keyObject>
<referredKeyID>5933E755-6011-0821-6E8A-75F4C871DB59</referredKeyID>
<mandatory>true</mandatory>
<refColNames>nombre</refColNames>
<transferable>true</transferable>
<rely>false</rely>
<columnDependencyConstraintGenerateInDDL>true</columnDependencyConstraintGenerateInDDL>
</FKIndexAssociation>