<?xml version = '1.0' encoding = 'UTF-8'?>
<FKIndexAssociation class="oracle.dbtools.crest.model.design.relational.FKIndexAssociation" directorySegmentName="seg_0" id="30D6DFAC-7ABB-C619-DE9B-69B7953824CB" containerWithKeyObject="973FD66D-8328-4AA0-FDB7-031B8C075B7B" localFKIndex="A026F814-1417-F996-58D7-365C3D45D0B7" name="Clientes_Reservas_FK">
<createdBy>marianapinedamiranda</createdBy>
<createdTime>2023-10-02 03:06:33 UTC</createdTime>
<generatorID>C1998703-9005-CDA9-E82D-B97E290977AC</generatorID>
<ownerDesignName>ProyectoSistrans</ownerDesignName>
<referredTableLongName>Reservas</referredTableLongName>
<deleteRule>NO ACTION</deleteRule>
<referredTableID>BCBEC972-D4D0-4184-127A-DB037B112D95</referredTableID>
<keyObject>CD392BFF-73E9-27BD-3CC0-BF33C5D59E2E</keyObject>
<referredKeyID>CD392BFF-73E9-27BD-3CC0-BF33C5D59E2E</referredKeyID>
<mandatory>true</mandatory>
<refColNames>id</refColNames>
<transferable>true</transferable>
<rely>false</rely>
<columnDependencyConstraintGenerateInDDL>true</columnDependencyConstraintGenerateInDDL>
</FKIndexAssociation>