<?xml version = '1.0' encoding = 'UTF-8'?>
<FKIndexAssociation class="oracle.dbtools.crest.model.design.relational.FKIndexAssociation" directorySegmentName="seg_0" id="58285727-9213-D69D-7606-18F26EBE2DE5" containerWithKeyObject="8E311664-5E44-BC4E-BFE3-07D2923B3FFB" localFKIndex="6A086FA6-4D7A-DC1A-E9F2-F5BE9233CB45" name="Consumos_Servicios_FK">
<createdBy>marianapinedamiranda</createdBy>
<createdTime>2023-10-02 03:06:33 UTC</createdTime>
<generatorID>A9BE220F-BE4D-C0D5-9832-A919D9D010C9</generatorID>
<ownerDesignName>ProyectoSistrans</ownerDesignName>
<referredTableLongName>Servicios</referredTableLongName>
<deleteRule>NO ACTION</deleteRule>
<referredTableID>BAA87004-8169-D48B-3765-EDA247011A80</referredTableID>
<keyObject>F45AFE49-4212-6238-E909-728E9B911C3E</keyObject>
<referredKeyID>F45AFE49-4212-6238-E909-728E9B911C3E</referredKeyID>
<mandatory>true</mandatory>
<refColNames>id_servicio</refColNames>
<transferable>true</transferable>
<rely>false</rely>
<columnDependencyConstraintGenerateInDDL>true</columnDependencyConstraintGenerateInDDL>
</FKIndexAssociation>