<?xml version = '1.0' encoding = 'UTF-8'?>
<FKIndexAssociation class="oracle.dbtools.crest.model.design.relational.FKIndexAssociation" directorySegmentName="seg_0" id="618B81B7-0783-291A-C7E1-FB6B670009BC" containerWithKeyObject="930D682F-A40A-CE99-299A-7728A6EC4325" localFKIndex="A613761B-0B76-498B-A636-7C5CB006FA10" name="resevs_serv_Habitaciones_FK">
<createdBy>marianapinedamiranda</createdBy>
<createdTime>2023-10-02 03:06:33 UTC</createdTime>
<generatorID>399D396E-9B1F-7AE5-C5AF-CA1CEFDFD5B1</generatorID>
<ownerDesignName>ProyectoSistrans</ownerDesignName>
<referredTableLongName>Habitaciones</referredTableLongName>
<deleteRule>NO ACTION</deleteRule>
<referredTableID>952F0035-AE93-2778-48BB-77BA614ADCA2</referredTableID>
<keyObject>6E5D96AF-DEC0-2909-1575-5B6A494725A3</keyObject>
<referredKeyID>6E5D96AF-DEC0-2909-1575-5B6A494725A3</referredKeyID>
<mandatory>true</mandatory>
<refColNames>id_habitacion</refColNames>
<transferable>true</transferable>
<rely>false</rely>
<columnDependencyConstraintGenerateInDDL>true</columnDependencyConstraintGenerateInDDL>
</FKIndexAssociation>