<?xml version = '1.0' encoding = 'UTF-8'?>
<FKIndexAssociation class="oracle.dbtools.crest.model.design.relational.FKIndexAssociation" directorySegmentName="seg_0" id="657AF268-C483-C17D-75F5-3B130A496030" containerWithKeyObject="851066CB-8711-1F51-87FA-46C0B8EEE0D6" localFKIndex="4C676E56-D528-EBA3-3AED-10840902C58F" name="Lavanderias_Servicios_FK">
<createdBy>marianapinedamiranda</createdBy>
<createdTime>2023-10-02 03:06:33 UTC</createdTime>
<generatorID>594D14F6-677D-E196-0CEC-122FB076C979</generatorID>
<ownerDesignName>ProyectoSistrans</ownerDesignName>
<referredTableLongName>Servicios</referredTableLongName>
<arc>1B98256C-2720-F8A0-7B6B-55433354ECA4</arc>
<deleteRule>NO ACTION</deleteRule>
<referredTableID>BAA87004-8169-D48B-3765-EDA247011A80</referredTableID>
<keyObject>F45AFE49-4212-6238-E909-728E9B911C3E</keyObject>
<referredKeyID>F45AFE49-4212-6238-E909-728E9B911C3E</referredKeyID>
<mandatory>true</mandatory>
<refColNames>id_servicio</refColNames>
<transferable>true</transferable>
<rely>false</rely>
<columnDependencyConstraintGenerateInDDL>true</columnDependencyConstraintGenerateInDDL>
</FKIndexAssociation>