<?xml version = '1.0' encoding = 'UTF-8'?>
<FKIndexAssociation class="oracle.dbtools.crest.model.design.relational.FKIndexAssociation" directorySegmentName="seg_0" id="6DC8FA3F-3D11-26D6-759B-45957582583E" containerWithKeyObject="973FD66D-8328-4AA0-FDB7-031B8C075B7B" localFKIndex="28774A49-D32C-8868-A505-E9A87B50BD88" name="Clientes_Usuarios_FK">
<createdBy>marianapinedamiranda</createdBy>
<createdTime>2023-10-02 03:06:33 UTC</createdTime>
<generatorID>398A8078-66AF-7183-790D-B7A29D69E07C</generatorID>
<ownerDesignName>ProyectoSistrans</ownerDesignName>
<referredTableLongName>Usuarios</referredTableLongName>
<arc>FEA55AB4-34D4-AEAE-7BBA-1465140CA3B2</arc>
<deleteRule>NO ACTION</deleteRule>
<referredTableID>42B02187-6DFC-0CD2-C003-CB84F4FFBB03</referredTableID>
<keyObject>5DE02808-CC55-023A-8EAD-E56711AEBB6C</keyObject>
<referredKeyID>5DE02808-CC55-023A-8EAD-E56711AEBB6C</referredKeyID>
<mandatory>true</mandatory>
<refColNames>id</refColNames>
<transferable>true</transferable>
<rely>false</rely>
<columnDependencyConstraintGenerateInDDL>true</columnDependencyConstraintGenerateInDDL>
</FKIndexAssociation>