<?xml version = '1.0' encoding = 'UTF-8'?>
<FKIndexAssociation class="oracle.dbtools.crest.model.design.relational.FKIndexAssociation" directorySegmentName="seg_0" id="6FA387E7-B448-AD63-5BA4-9381AD9CAA66" containerWithKeyObject="BCBEC972-D4D0-4184-127A-DB037B112D95" localFKIndex="8CEC9610-25F8-B0A2-DA91-6875D39AC87F" name="Reservas_Checkouts_FK">
<createdBy>marianapinedamiranda</createdBy>
<createdTime>2023-10-02 03:06:33 UTC</createdTime>
<generatorID>F6D20008-340E-3D1A-B21D-A6EA7E7A33DF</generatorID>
<ownerDesignName>ProyectoSistrans</ownerDesignName>
<referredTableLongName>Checkouts</referredTableLongName>
<deleteRule>NO ACTION</deleteRule>
<referredTableID>0E50AC26-0A74-765F-C6C9-16E18F070BEF</referredTableID>
<keyObject>3FED66B5-B2F7-A67C-D327-3024B23BE596</keyObject>
<referredKeyID>3FED66B5-B2F7-A67C-D327-3024B23BE596</referredKeyID>
<mandatory>true</mandatory>
<refColNames>id_checkout</refColNames>
<transferable>true</transferable>
<rely>false</rely>
<columnDependencyConstraintGenerateInDDL>true</columnDependencyConstraintGenerateInDDL>
</FKIndexAssociation>