<?xml version = '1.0' encoding = 'UTF-8'?>
<FKIndexAssociation class="oracle.dbtools.crest.model.design.relational.FKIndexAssociation" directorySegmentName="seg_0" id="80D32EB8-89CD-A802-DCD0-1B84DDEB1291" containerWithKeyObject="28933A3E-9FF7-027C-E1CA-192C68E1833E" localFKIndex="5218B319-FB7B-5C09-DB44-0001534D0472" name="Checkins_Empleados_FK">
<createdBy>marianapinedamiranda</createdBy>
<createdTime>2023-10-02 03:06:33 UTC</createdTime>
<generatorID>968A8EFA-F707-A508-5677-D44CEDC5D39C</generatorID>
<ownerDesignName>ProyectoSistrans</ownerDesignName>
<referredTableLongName>Empleados</referredTableLongName>
<deleteRule>NO ACTION</deleteRule>
<referredTableID>10101638-ABF8-4DDD-CD27-C38B45F2D5D6</referredTableID>
<keyObject>6A9CC980-2FCD-8372-6BBD-111145127624</keyObject>
<referredKeyID>6A9CC980-2FCD-8372-6BBD-111145127624</referredKeyID>
<mandatory>true</mandatory>
<refColNames>id</refColNames>
<transferable>true</transferable>
<rely>false</rely>
<columnDependencyConstraintGenerateInDDL>true</columnDependencyConstraintGenerateInDDL>
</FKIndexAssociation>