<?xml version = '1.0' encoding = 'UTF-8'?>
<FKIndexAssociation class="oracle.dbtools.crest.model.design.relational.FKIndexAssociation" directorySegmentName="seg_0" id="8674EAE0-00F1-C9D1-5CE2-6523547F5786" containerWithKeyObject="28933A3E-9FF7-027C-E1CA-192C68E1833E" localFKIndex="0CD97EC4-845F-CB9F-765C-FF8C544E84B7" name="Checkins_Reservas_FK">
<createdBy>marianapinedamiranda</createdBy>
<createdTime>2023-10-02 03:06:34 UTC</createdTime>
<generatorID>EC4CFB2A-2E12-50FA-7730-457FFD825534</generatorID>
<ownerDesignName>ProyectoSistrans</ownerDesignName>
<referredTableLongName>Reservas</referredTableLongName>
<deleteRule>NO ACTION</deleteRule>
<referredTableID>BCBEC972-D4D0-4184-127A-DB037B112D95</referredTableID>
<keyObject>CD392BFF-73E9-27BD-3CC0-BF33C5D59E2E</keyObject>
<referredKeyID>CD392BFF-73E9-27BD-3CC0-BF33C5D59E2E</referredKeyID>
<mandatory>true</mandatory>
<refColNames>id</refColNames>
<transferable>true</transferable>
<rely>false</rely>
<columnDependencyConstraintGenerateInDDL>true</columnDependencyConstraintGenerateInDDL>
</FKIndexAssociation>