<?xml version = '1.0' encoding = 'UTF-8'?>
<FKIndexAssociation class="oracle.dbtools.crest.model.design.relational.FKIndexAssociation" directorySegmentName="seg_0" id="8903E07F-53CE-9D11-434C-74F63CEF1F9E" containerWithKeyObject="BE3D38F1-0C43-2D2A-6971-D2F0A94446FB" localFKIndex="67A006B1-47C1-FC03-4E92-8658BF1F623D" name="Platos_Restaurantes_FK">
<createdBy>marianapinedamiranda</createdBy>
<createdTime>2023-10-02 03:06:33 UTC</createdTime>
<generatorID>576CBA0A-C63E-4474-8AB5-688F6CF44E11</generatorID>
<ownerDesignName>ProyectoSistrans</ownerDesignName>
<referredTableLongName>Restaurantes</referredTableLongName>
<deleteRule>NO ACTION</deleteRule>
<referredTableID>573AC6CF-A743-A28E-69B4-BFA73F761425</referredTableID>
<keyObject>9EA82EB8-A641-8EA8-4ED5-4F797424A1BB</keyObject>
<referredKeyID>9EA82EB8-A641-8EA8-4ED5-4F797424A1BB</referredKeyID>
<mandatory>true</mandatory>
<refColNames>id_servicio</refColNames>
<transferable>true</transferable>
<rely>false</rely>
<columnDependencyConstraintGenerateInDDL>true</columnDependencyConstraintGenerateInDDL>
</FKIndexAssociation>