<?xml version = '1.0' encoding = 'UTF-8'?>
<FKIndexAssociation class="oracle.dbtools.crest.model.design.relational.FKIndexAssociation" directorySegmentName="seg_0" id="8C60E1A0-7DE1-B127-F70F-C9457E55F81A" containerWithKeyObject="BCBEC972-D4D0-4184-127A-DB037B112D95" localFKIndex="9691562B-335F-4E80-1639-7B2B82C01E1D" name="Reservas_Planes_FK">
<createdBy>marianapinedamiranda</createdBy>
<createdTime>2023-10-02 03:06:33 UTC</createdTime>
<generatorID>F74CAEA9-163B-DD4F-842C-0D85C2424517</generatorID>
<ownerDesignName>ProyectoSistrans</ownerDesignName>
<referredTableLongName>Planes</referredTableLongName>
<deleteRule>NO ACTION</deleteRule>
<referredTableID>96AE4358-0793-6DF4-6FB1-B965CDFF97A9</referredTableID>
<keyObject>C16C984D-6C51-240C-44D1-EE6F3FB607DA</keyObject>
<referredKeyID>C16C984D-6C51-240C-44D1-EE6F3FB607DA</referredKeyID>
<mandatory>true</mandatory>
<refColNames>id</refColNames>
<transferable>true</transferable>
<rely>false</rely>
<columnDependencyConstraintGenerateInDDL>true</columnDependencyConstraintGenerateInDDL>
</FKIndexAssociation>