<?xml version = '1.0' encoding = 'UTF-8'?>
<FKIndexAssociation class="oracle.dbtools.crest.model.design.relational.FKIndexAssociation" directorySegmentName="seg_0" id="8C956BC2-DF3C-AC75-6594-8DCD7C7F8731" containerWithKeyObject="BCBEC972-D4D0-4184-127A-DB037B112D95" localFKIndex="622A01DB-F3D7-95DE-A5E8-246036C6131A" name="Reservas_Checkins_FK">
<createdBy>marianapinedamiranda</createdBy>
<createdTime>2023-10-02 03:06:34 UTC</createdTime>
<generatorID>EC4CFB2A-2E12-50FA-7730-457FFD825534</generatorID>
<ownerDesignName>ProyectoSistrans</ownerDesignName>
<referredTableLongName>Checkins</referredTableLongName>
<deleteRule>NO ACTION</deleteRule>
<referredTableID>28933A3E-9FF7-027C-E1CA-192C68E1833E</referredTableID>
<keyObject>C4F3AAE0-425A-4223-748C-ACA1C7D65216</keyObject>
<referredKeyID>C4F3AAE0-425A-4223-748C-ACA1C7D65216</referredKeyID>
<mandatory>true</mandatory>
<refColNames>id_checkin</refColNames>
<transferable>true</transferable>
<rely>false</rely>
<columnDependencyConstraintGenerateInDDL>true</columnDependencyConstraintGenerateInDDL>
</FKIndexAssociation>