<?xml version = '1.0' encoding = 'UTF-8'?>
<FKIndexAssociation class="oracle.dbtools.crest.model.design.relational.FKIndexAssociation" directorySegmentName="seg_0" id="8D8D6776-21C5-AB3E-ACFF-B97956069AA9" containerWithKeyObject="42B02187-6DFC-0CD2-C003-CB84F4FFBB03" localFKIndex="B5EDCEF2-9A80-D097-009C-65D778CE6827" name="Usuarios_Hoteles_FK">
<createdBy>marianapinedamiranda</createdBy>
<createdTime>2023-10-02 03:06:34 UTC</createdTime>
<generatorID>66FB6A31-6B5F-57FB-C339-BB6C592302FA</generatorID>
<ownerDesignName>ProyectoSistrans</ownerDesignName>
<referredTableLongName>Hoteles</referredTableLongName>
<deleteRule>NO ACTION</deleteRule>
<referredTableID>F62F0BA3-6653-3F0E-CC18-578F4D07BF3F</referredTableID>
<keyObject>5933E755-6011-0821-6E8A-75F4C871DB59</keyObject>
<referredKeyID>5933E755-6011-0821-6E8A-75F4C871DB59</referredKeyID>
<mandatory>true</mandatory>
<refColNames>nombre</refColNames>
<transferable>true</transferable>
<rely>false</rely>
<columnDependencyConstraintGenerateInDDL>true</columnDependencyConstraintGenerateInDDL>
</FKIndexAssociation>