<?xml version = '1.0' encoding = 'UTF-8'?>
<FKIndexAssociation class="oracle.dbtools.crest.model.design.relational.FKIndexAssociation" directorySegmentName="seg_0" id="A3433507-77B9-9301-231B-07BE3D7F19B3" containerWithKeyObject="BCBEC972-D4D0-4184-127A-DB037B112D95" localFKIndex="66290D25-1F4B-11B6-0F00-1EACAA22FCCC" name="Reservas_Clientes_FK">
<createdBy>marianapinedamiranda</createdBy>
<createdTime>2023-10-02 03:06:33 UTC</createdTime>
<generatorID>C1998703-9005-CDA9-E82D-B97E290977AC</generatorID>
<ownerDesignName>ProyectoSistrans</ownerDesignName>
<referredTableLongName>Clientes</referredTableLongName>
<deleteRule>NO ACTION</deleteRule>
<referredTableID>973FD66D-8328-4AA0-FDB7-031B8C075B7B</referredTableID>
<keyObject>5FC63DDC-7687-3853-F404-809BB4C08607</keyObject>
<referredKeyID>5FC63DDC-7687-3853-F404-809BB4C08607</referredKeyID>
<mandatory>true</mandatory>
<refColNames>id</refColNames>
<transferable>true</transferable>
<rely>false</rely>
<columnDependencyConstraintGenerateInDDL>true</columnDependencyConstraintGenerateInDDL>
</FKIndexAssociation>