<?xml version = '1.0' encoding = 'UTF-8'?>
<FKIndexAssociation class="oracle.dbtools.crest.model.design.relational.FKIndexAssociation" directorySegmentName="seg_0" id="A8FE9B94-077B-8BD4-B604-456AEBBCDFBD" containerWithKeyObject="1C631C2E-7118-B554-594F-C468958119D8" localFKIndex="940D4A4F-B852-54A4-06C7-7023163A9365" name="Prod_Super_Supermercado_FK">
<createdBy>marianapinedamiranda</createdBy>
<createdTime>2023-10-02 03:06:34 UTC</createdTime>
<generatorID>A86E303C-A6E6-A4B6-2C57-57125EBF9AD0</generatorID>
<ownerDesignName>ProyectoSistrans</ownerDesignName>
<referredTableLongName>Supermercado</referredTableLongName>
<deleteRule>NO ACTION</deleteRule>
<referredTableID>FD9A8CF1-150F-001D-9C02-340CF94CA918</referredTableID>
<keyObject>AC598350-9AF5-C32E-3814-4C2D671AF7D6</keyObject>
<referredKeyID>AC598350-9AF5-C32E-3814-4C2D671AF7D6</referredKeyID>
<mandatory>true</mandatory>
<refColNames>id_servicio</refColNames>
<transferable>true</transferable>
<rely>false</rely>
<columnDependencyConstraintGenerateInDDL>true</columnDependencyConstraintGenerateInDDL>
</FKIndexAssociation>