<?xml version = '1.0' encoding = 'UTF-8'?>
<FKIndexAssociation class="oracle.dbtools.crest.model.design.relational.FKIndexAssociation" directorySegmentName="seg_0" id="AE986F9D-236E-FE3E-64F6-1C75C6610EB8" containerWithKeyObject="BAA87004-8169-D48B-3765-EDA247011A80" localFKIndex="A60DA9C3-0A2A-F83C-233B-8727FB80A708" name="Servicios_Hoteles_FK">
<createdBy>marianapinedamiranda</createdBy>
<createdTime>2023-10-02 03:06:33 UTC</createdTime>
<generatorID>6E95A2E2-0B91-9691-2292-6F2FBC6EE023</generatorID>
<ownerDesignName>ProyectoSistrans</ownerDesignName>
<referredTableLongName>Hoteles</referredTableLongName>
<deleteRule>NO ACTION</deleteRule>
<referredTableID>F62F0BA3-6653-3F0E-CC18-578F4D07BF3F</referredTableID>
<keyObject>5933E755-6011-0821-6E8A-75F4C871DB59</keyObject>
<referredKeyID>5933E755-6011-0821-6E8A-75F4C871DB59</referredKeyID>
<mandatory>true</mandatory>
<refColNames>nombre</refColNames>
<transferable>true</transferable>
<rely>false</rely>
<columnDependencyConstraintGenerateInDDL>true</columnDependencyConstraintGenerateInDDL>
</FKIndexAssociation>