<?xml version = '1.0' encoding = 'UTF-8'?>
<FKIndexAssociation class="oracle.dbtools.crest.model.design.relational.FKIndexAssociation" directorySegmentName="seg_0" id="BD180E3A-E6A4-BA90-E4EE-B9C536D69DB6" containerWithKeyObject="0E50AC26-0A74-765F-C6C9-16E18F070BEF" localFKIndex="146949E6-DC26-3469-3592-55947CBFCE87" name="Checkouts_Reservas_FK">
<createdBy>marianapinedamiranda</createdBy>
<createdTime>2023-10-02 03:06:34 UTC</createdTime>
<generatorID>F6D20008-340E-3D1A-B21D-A6EA7E7A33DF</generatorID>
<ownerDesignName>ProyectoSistrans</ownerDesignName>
<referredTableLongName>Reservas</referredTableLongName>
<deleteRule>NO ACTION</deleteRule>
<referredTableID>BCBEC972-D4D0-4184-127A-DB037B112D95</referredTableID>
<keyObject>CD392BFF-73E9-27BD-3CC0-BF33C5D59E2E</keyObject>
<referredKeyID>CD392BFF-73E9-27BD-3CC0-BF33C5D59E2E</referredKeyID>
<mandatory>true</mandatory>
<refColNames>id</refColNames>
<transferable>true</transferable>
<rely>false</rely>
<columnDependencyConstraintGenerateInDDL>true</columnDependencyConstraintGenerateInDDL>
</FKIndexAssociation>