<?xml version = '1.0' encoding = 'UTF-8'?>
<FKIndexAssociation class="oracle.dbtools.crest.model.design.relational.FKIndexAssociation" directorySegmentName="seg_0" id="DEE9D0E8-A8DB-A69D-D8D7-55AAF9842CB9" containerWithKeyObject="952F0035-AE93-2778-48BB-77BA614ADCA2" localFKIndex="AC2D59EE-085B-87DF-B5B0-B66FF6AD5C66" name="Habitaciones_TipoHabitacion_FK">
<createdBy>marianapinedamiranda</createdBy>
<createdTime>2023-10-02 03:06:34 UTC</createdTime>
<generatorID>6D2898E2-44E4-07FF-4505-43D82EC512DE</generatorID>
<ownerDesignName>ProyectoSistrans</ownerDesignName>
<referredTableLongName>TipoHabitacion</referredTableLongName>
<deleteRule>NO ACTION</deleteRule>
<referredTableID>F247A05D-21EB-7220-A2BA-0045F4238EFD</referredTableID>
<keyObject>44A55A58-5883-119F-C2C5-EDF158A52ED9</keyObject>
<referredKeyID>44A55A58-5883-119F-C2C5-EDF158A52ED9</referredKeyID>
<mandatory>true</mandatory>
<refColNames>id</refColNames>
<transferable>true</transferable>
<rely>false</rely>
<columnDependencyConstraintGenerateInDDL>true</columnDependencyConstraintGenerateInDDL>
</FKIndexAssociation>