<?xml version = '1.0' encoding = 'UTF-8'?>
<FKIndexAssociation class="oracle.dbtools.crest.model.design.relational.FKIndexAssociation" directorySegmentName="seg_0" id="EFAB8053-D7C3-D577-FB0A-309A6512B6D8" containerWithKeyObject="2A66CDB7-3DBE-D970-8D26-FE7840D13E20" localFKIndex="C89A5ECC-4F3C-E2F2-9287-0EF5C6418D78" name="Salon_de_reuniones_Servicios_FK">
<createdBy>marianapinedamiranda</createdBy>
<createdTime>2023-10-02 03:06:33 UTC</createdTime>
<generatorID>D1EAA965-93A2-EBD3-487E-CE8D82CFDB22</generatorID>
<ownerDesignName>ProyectoSistrans</ownerDesignName>
<referredTableLongName>Servicios</referredTableLongName>
<arc>1B98256C-2720-F8A0-7B6B-55433354ECA4</arc>
<deleteRule>NO ACTION</deleteRule>
<referredTableID>BAA87004-8169-D48B-3765-EDA247011A80</referredTableID>
<keyObject>F45AFE49-4212-6238-E909-728E9B911C3E</keyObject>
<referredKeyID>F45AFE49-4212-6238-E909-728E9B911C3E</referredKeyID>
<mandatory>true</mandatory>
<refColNames>id_servicio</refColNames>
<transferable>true</transferable>
<rely>false</rely>
<columnDependencyConstraintGenerateInDDL>true</columnDependencyConstraintGenerateInDDL>
</FKIndexAssociation>