<?xml version = '1.0' encoding = 'UTF-8'?>
<FKIndexAssociation class="oracle.dbtools.crest.model.design.relational.FKIndexAssociation" directorySegmentName="seg_0" id="F9522B18-EDE7-B557-249F-050B76519E86" containerWithKeyObject="0E50AC26-0A74-765F-C6C9-16E18F070BEF" localFKIndex="69C76AF8-4F27-E69A-6A4F-960CAA26DC9C" name="Checkouts_Clientes_FK">
<createdBy>marianapinedamiranda</createdBy>
<createdTime>2023-10-02 03:06:33 UTC</createdTime>
<generatorID>B99B7840-CABB-CA93-8D9F-5AF0F755BBBA</generatorID>
<ownerDesignName>ProyectoSistrans</ownerDesignName>
<referredTableLongName>Clientes</referredTableLongName>
<deleteRule>NO ACTION</deleteRule>
<referredTableID>973FD66D-8328-4AA0-FDB7-031B8C075B7B</referredTableID>
<keyObject>5FC63DDC-7687-3853-F404-809BB4C08607</keyObject>
<referredKeyID>5FC63DDC-7687-3853-F404-809BB4C08607</referredKeyID>
<mandatory>true</mandatory>
<refColNames>id</refColNames>
<transferable>true</transferable>
<rely>false</rely>
<columnDependencyConstraintGenerateInDDL>true</columnDependencyConstraintGenerateInDDL>
</FKIndexAssociation>