<?xml version = '1.0' encoding = 'UTF-8'?>
<FKIndexAssociation class="oracle.dbtools.crest.model.design.relational.FKIndexAssociation" directorySegmentName="seg_0" id="FEDD4C52-297B-3F33-B4D8-695D90E46A1F" containerWithKeyObject="8E8B8AF9-669D-6239-6EBF-C52DDC5CFA20" localFKIndex="154F94F5-314B-A554-C8A5-C39E6B5FF59B" name="Bebidas_Bar_Bares_FK">
<createdBy>marianapinedamiranda</createdBy>
<createdTime>2023-10-02 03:06:33 UTC</createdTime>
<generatorID>D2DADF74-E9B6-96E0-D716-544EFD096A02</generatorID>
<ownerDesignName>ProyectoSistrans</ownerDesignName>
<referredTableLongName>Bares</referredTableLongName>
<deleteRule>NO ACTION</deleteRule>
<referredTableID>DE752348-BC69-7268-9733-BD3DB70FBEB3</referredTableID>
<keyObject>19490063-56AF-478C-1208-AA0CE5D69BB7</keyObject>
<referredKeyID>19490063-56AF-478C-1208-AA0CE5D69BB7</referredKeyID>
<mandatory>true</mandatory>
<refColNames>id_servicio</refColNames>
<transferable>true</transferable>
<rely>false</rely>
<columnDependencyConstraintGenerateInDDL>true</columnDependencyConstraintGenerateInDDL>
</FKIndexAssociation>