<?xml version = '1.0' encoding = 'UTF-8'?>
<FKIndexAssociation class="oracle.dbtools.crest.model.design.relational.FKIndexAssociation" directorySegmentName="seg_0" id="04A97C56-1C89-9773-019B-24822E8CD66D" containerWithKeyObject="5199ADCC-92D2-13BE-DA15-5EA6F46FAC4C" localFKIndex="5BB061B3-3A7D-BDFA-2044-66E2F14B1AA2" name="Servicios_Hoteles_FK">
<createdBy>marianapinedamiranda</createdBy>
<createdTime>2023-10-02 02:52:30 UTC</createdTime>
<generatorID>6E95A2E2-0B91-9691-2292-6F2FBC6EE023</generatorID>
<ownerDesignName>ProyectoSistrans</ownerDesignName>
<referredTableLongName>Hoteles</referredTableLongName>
<deleteRule>NO ACTION</deleteRule>
<referredTableID>1E73CE4C-391B-3C1B-BC36-FF7DA57A0A98</referredTableID>
<keyObject>AFE51BA9-CAC0-1828-87E6-2A5EFD605B72</keyObject>
<referredKeyID>AFE51BA9-CAC0-1828-87E6-2A5EFD605B72</referredKeyID>
<mandatory>true</mandatory>
<refColNames>nombre</refColNames>
<transferable>true</transferable>
<rely>false</rely>
<columnDependencyConstraintGenerateInDDL>true</columnDependencyConstraintGenerateInDDL>
</FKIndexAssociation>