<?xml version = '1.0' encoding = 'UTF-8'?>
<FKIndexAssociation class="oracle.dbtools.crest.model.design.relational.FKIndexAssociation" directorySegmentName="seg_0" id="18FD77E1-169D-3ABF-011D-34F29D885034" containerWithKeyObject="F6D309CD-7357-6F62-42E0-4E3B9CCAE387" localFKIndex="4233959E-B72B-7564-975A-363B527AA059" name="Reservas_Clientes_FK">
<createdBy>marianapinedamiranda</createdBy>
<createdTime>2023-10-02 02:52:30 UTC</createdTime>
<generatorID>C1998703-9005-CDA9-E82D-B97E290977AC</generatorID>
<ownerDesignName>ProyectoSistrans</ownerDesignName>
<referredTableLongName>Clientes</referredTableLongName>
<deleteRule>NO ACTION</deleteRule>
<referredTableID>DD78B3FD-4A8C-616E-9BBB-04877B08008E</referredTableID>
<keyObject>2B7A1723-2ADC-1B1E-0C29-BFF93C510509</keyObject>
<referredKeyID>2B7A1723-2ADC-1B1E-0C29-BFF93C510509</referredKeyID>
<mandatory>true</mandatory>
<refColNames>id</refColNames>
<transferable>true</transferable>
<rely>false</rely>
<columnDependencyConstraintGenerateInDDL>true</columnDependencyConstraintGenerateInDDL>
</FKIndexAssociation>