<?xml version = '1.0' encoding = 'UTF-8'?>
<FKIndexAssociation class="oracle.dbtools.crest.model.design.relational.FKIndexAssociation" directorySegmentName="seg_0" id="211D8670-C230-530D-E8A5-FB37DC8370C7" containerWithKeyObject="E2775496-867F-0480-50AA-CAC60DD876D9" localFKIndex="ACD5E773-FC96-9302-A265-D973A0A5E3CF" name="Usuarios_Hoteles_FK">
<createdBy>marianapinedamiranda</createdBy>
<createdTime>2023-10-02 02:52:31 UTC</createdTime>
<generatorID>66FB6A31-6B5F-57FB-C339-BB6C592302FA</generatorID>
<ownerDesignName>ProyectoSistrans</ownerDesignName>
<referredTableLongName>Hoteles</referredTableLongName>
<deleteRule>NO ACTION</deleteRule>
<referredTableID>1E73CE4C-391B-3C1B-BC36-FF7DA57A0A98</referredTableID>
<keyObject>AFE51BA9-CAC0-1828-87E6-2A5EFD605B72</keyObject>
<referredKeyID>AFE51BA9-CAC0-1828-87E6-2A5EFD605B72</referredKeyID>
<mandatory>true</mandatory>
<refColNames>nombre</refColNames>
<transferable>true</transferable>
<rely>false</rely>
<columnDependencyConstraintGenerateInDDL>true</columnDependencyConstraintGenerateInDDL>
</FKIndexAssociation>