<?xml version = '1.0' encoding = 'UTF-8'?>
<FKIndexAssociation class="oracle.dbtools.crest.model.design.relational.FKIndexAssociation" directorySegmentName="seg_0" id="21C9E584-5273-8466-FE3B-0A684DA8C1D8" containerWithKeyObject="F6D309CD-7357-6F62-42E0-4E3B9CCAE387" localFKIndex="E1D52DD6-F7F7-F805-06E9-7B821BE16038" name="Reservas_Planes_FK">
<createdBy>marianapinedamiranda</createdBy>
<createdTime>2023-10-02 02:52:30 UTC</createdTime>
<generatorID>F74CAEA9-163B-DD4F-842C-0D85C2424517</generatorID>
<ownerDesignName>ProyectoSistrans</ownerDesignName>
<referredTableLongName>Planes</referredTableLongName>
<deleteRule>NO ACTION</deleteRule>
<referredTableID>DCA15244-537E-1EA8-75CB-66942EE0BA67</referredTableID>
<keyObject>39C6D271-90B3-BDBD-DA4E-F61E39699DCB</keyObject>
<referredKeyID>39C6D271-90B3-BDBD-DA4E-F61E39699DCB</referredKeyID>
<mandatory>true</mandatory>
<refColNames>id</refColNames>
<transferable>true</transferable>
<rely>false</rely>
<columnDependencyConstraintGenerateInDDL>true</columnDependencyConstraintGenerateInDDL>
</FKIndexAssociation>