<?xml version = '1.0' encoding = 'UTF-8'?>
<FKIndexAssociation class="oracle.dbtools.crest.model.design.relational.FKIndexAssociation" directorySegmentName="seg_0" id="289B2FAB-66E3-5DD4-BB30-FBF51ACE460F" containerWithKeyObject="03B72DCB-3BE4-936F-7F63-E0C84AFF1F1B" localFKIndex="4A79747F-39A6-CB2A-C8F4-77A1962E305B" name="Productos_Supermercado_Supermercado_FK">
<createdBy>marianapinedamiranda</createdBy>
<createdTime>2023-10-02 02:52:30 UTC</createdTime>
<generatorID>A86E303C-A6E6-A4B6-2C57-57125EBF9AD0</generatorID>
<ownerDesignName>ProyectoSistrans</ownerDesignName>
<referredTableLongName>Supermercado</referredTableLongName>
<deleteRule>NO ACTION</deleteRule>
<referredTableID>09654062-A276-D7F9-DC74-0A2A5B1748E1</referredTableID>
<keyObject>F0E391CE-2272-76C8-3614-F3FD73F2A230</keyObject>
<referredKeyID>F0E391CE-2272-76C8-3614-F3FD73F2A230</referredKeyID>
<mandatory>true</mandatory>
<refColNames>id_servicio</refColNames>
<transferable>true</transferable>
<rely>false</rely>
<columnDependencyConstraintGenerateInDDL>true</columnDependencyConstraintGenerateInDDL>
</FKIndexAssociation>