<?xml version = '1.0' encoding = 'UTF-8'?>
<FKIndexAssociation class="oracle.dbtools.crest.model.design.relational.FKIndexAssociation" directorySegmentName="seg_0" id="55389119-7D73-8A91-9D40-925EA75B329B" containerWithKeyObject="035AA452-C53D-0BE0-B4DC-81038BE2B392" localFKIndex="FB6E53D3-632C-1AF0-0A42-7385A82DB5ED" name="Checkouts_Clientes_FK">
<createdBy>marianapinedamiranda</createdBy>
<createdTime>2023-10-02 02:52:30 UTC</createdTime>
<generatorID>B99B7840-CABB-CA93-8D9F-5AF0F755BBBA</generatorID>
<ownerDesignName>ProyectoSistrans</ownerDesignName>
<referredTableLongName>Clientes</referredTableLongName>
<deleteRule>NO ACTION</deleteRule>
<referredTableID>DD78B3FD-4A8C-616E-9BBB-04877B08008E</referredTableID>
<keyObject>2B7A1723-2ADC-1B1E-0C29-BFF93C510509</keyObject>
<referredKeyID>2B7A1723-2ADC-1B1E-0C29-BFF93C510509</referredKeyID>
<mandatory>true</mandatory>
<refColNames>id</refColNames>
<transferable>true</transferable>
<rely>false</rely>
<columnDependencyConstraintGenerateInDDL>true</columnDependencyConstraintGenerateInDDL>
</FKIndexAssociation>