<?xml version = '1.0' encoding = 'UTF-8'?>
<FKIndexAssociation class="oracle.dbtools.crest.model.design.relational.FKIndexAssociation" directorySegmentName="seg_0" id="5F7F0CAB-C1D7-C4CC-DAF4-A4965567EC83" containerWithKeyObject="D77E7BD4-8295-AFA4-B071-6ECF8B2937C7" localFKIndex="FF15A7EA-5242-814D-AFB1-87FCF832C80C" name="Tiendas_Servicios_FK">
<createdBy>marianapinedamiranda</createdBy>
<createdTime>2023-10-02 02:52:30 UTC</createdTime>
<generatorID>36F55939-0CCC-8E83-8881-243CD9CDC73F</generatorID>
<ownerDesignName>ProyectoSistrans</ownerDesignName>
<referredTableLongName>Servicios</referredTableLongName>
<arc>BB6144FF-3A0A-A223-3CBD-32D863A2299F</arc>
<deleteRule>NO ACTION</deleteRule>
<referredTableID>5199ADCC-92D2-13BE-DA15-5EA6F46FAC4C</referredTableID>
<keyObject>4B7C75DF-1E3F-25C0-E735-A51AD24E993C</keyObject>
<referredKeyID>4B7C75DF-1E3F-25C0-E735-A51AD24E993C</referredKeyID>
<mandatory>true</mandatory>
<refColNames>id_servicio</refColNames>
<transferable>true</transferable>
<rely>false</rely>
<columnDependencyConstraintGenerateInDDL>true</columnDependencyConstraintGenerateInDDL>
</FKIndexAssociation>