<?xml version = '1.0' encoding = 'UTF-8'?>
<FKIndexAssociation class="oracle.dbtools.crest.model.design.relational.FKIndexAssociation" directorySegmentName="seg_0" id="64CF7517-469B-33FB-3226-D57EDF080FA9" containerWithKeyObject="23EC475B-BA9D-ED1A-B673-5982DF99DFD4" localFKIndex="BA351B53-7EBE-0B3C-582E-ABB579A2B002" name="Bebidas_Bar_Bares_FK">
<createdBy>marianapinedamiranda</createdBy>
<createdTime>2023-10-02 02:52:30 UTC</createdTime>
<generatorID>D2DADF74-E9B6-96E0-D716-544EFD096A02</generatorID>
<ownerDesignName>ProyectoSistrans</ownerDesignName>
<referredTableLongName>Bares</referredTableLongName>
<deleteRule>NO ACTION</deleteRule>
<referredTableID>CBE8A453-9B8D-3C38-D876-D0C7317FE97E</referredTableID>
<keyObject>F5B37585-7F76-34F7-5C8F-E7ABCB178123</keyObject>
<referredKeyID>F5B37585-7F76-34F7-5C8F-E7ABCB178123</referredKeyID>
<mandatory>true</mandatory>
<refColNames>id_servicio</refColNames>
<transferable>true</transferable>
<rely>false</rely>
<columnDependencyConstraintGenerateInDDL>true</columnDependencyConstraintGenerateInDDL>
</FKIndexAssociation>