<?xml version = '1.0' encoding = 'UTF-8'?>
<FKIndexAssociation class="oracle.dbtools.crest.model.design.relational.FKIndexAssociation" directorySegmentName="seg_0" id="660039BA-4012-C624-18F7-AB686D82501E" containerWithKeyObject="035AA452-C53D-0BE0-B4DC-81038BE2B392" localFKIndex="6F5612B3-50FB-2288-17C3-C996138E4925" name="Checkouts_Empleados_FK">
<createdBy>marianapinedamiranda</createdBy>
<createdTime>2023-10-02 02:52:30 UTC</createdTime>
<generatorID>5B4F01C0-C389-BA16-65F7-DC3A03164459</generatorID>
<ownerDesignName>ProyectoSistrans</ownerDesignName>
<referredTableLongName>Empleados</referredTableLongName>
<deleteRule>NO ACTION</deleteRule>
<referredTableID>E9DE7D18-4042-2FBC-E5A1-D6136F5789AE</referredTableID>
<keyObject>E10166FB-A8BE-852A-D953-0F2F4227E44C</keyObject>
<referredKeyID>E10166FB-A8BE-852A-D953-0F2F4227E44C</referredKeyID>
<mandatory>true</mandatory>
<refColNames>id</refColNames>
<transferable>true</transferable>
<rely>false</rely>
<columnDependencyConstraintGenerateInDDL>true</columnDependencyConstraintGenerateInDDL>
</FKIndexAssociation>