<?xml version = '1.0' encoding = 'UTF-8'?>
<FKIndexAssociation class="oracle.dbtools.crest.model.design.relational.FKIndexAssociation" directorySegmentName="seg_0" id="700F27EE-2496-393B-A8D2-F9E7333CDD05" containerWithKeyObject="3CB94065-2E56-A493-F09E-D76D50C25EF5" localFKIndex="25897144-69AE-1B62-341A-C93A53FBCC9B" name="Productos_Tienda_Tiendas_FK">
<createdBy>marianapinedamiranda</createdBy>
<createdTime>2023-10-02 02:52:30 UTC</createdTime>
<generatorID>299C7657-CE99-523B-3384-5EA85DD8CFEB</generatorID>
<ownerDesignName>ProyectoSistrans</ownerDesignName>
<referredTableLongName>Tiendas</referredTableLongName>
<deleteRule>NO ACTION</deleteRule>
<referredTableID>D77E7BD4-8295-AFA4-B071-6ECF8B2937C7</referredTableID>
<keyObject>9C7247E2-C5E0-5C83-995E-7E91880D4ABE</keyObject>
<referredKeyID>9C7247E2-C5E0-5C83-995E-7E91880D4ABE</referredKeyID>
<mandatory>true</mandatory>
<refColNames>id_servicio</refColNames>
<transferable>true</transferable>
<rely>false</rely>
<columnDependencyConstraintGenerateInDDL>true</columnDependencyConstraintGenerateInDDL>
</FKIndexAssociation>