<?xml version = '1.0' encoding = 'UTF-8'?>
<FKIndexAssociation class="oracle.dbtools.crest.model.design.relational.FKIndexAssociation" directorySegmentName="seg_0" id="7432B6DC-F09F-BDCC-7831-B93DF1787CED" containerWithKeyObject="DD78B3FD-4A8C-616E-9BBB-04877B08008E" localFKIndex="63244924-8BC7-DAC1-C6BE-6F340CB85C62" name="Clientes_Reservas_FK">
<createdBy>marianapinedamiranda</createdBy>
<createdTime>2023-10-02 03:05:26 UTC</createdTime>
<generatorID>C1998703-9005-CDA9-E82D-B97E290977AC</generatorID>
<ownerDesignName>ProyectoSistrans</ownerDesignName>
<referredTableLongName>Reservas</referredTableLongName>
<deleteRule>NO ACTION</deleteRule>
<referredTableID>F6D309CD-7357-6F62-42E0-4E3B9CCAE387</referredTableID>
<keyObject>F6570EA1-27C7-4E7A-0C41-19B848EB8A74</keyObject>
<referredKeyID>F6570EA1-27C7-4E7A-0C41-19B848EB8A74</referredKeyID>
<mandatory>true</mandatory>
<refColNames>id</refColNames>
<transferable>true</transferable>
<rely>false</rely>
<columnDependencyConstraintGenerateInDDL>true</columnDependencyConstraintGenerateInDDL>
</FKIndexAssociation>