<?xml version = '1.0' encoding = 'UTF-8'?>
<FKIndexAssociation class="oracle.dbtools.crest.model.design.relational.FKIndexAssociation" directorySegmentName="seg_0" id="78C93A9D-9A6E-41A1-458E-B1DD1D0963FE" containerWithKeyObject="09654062-A276-D7F9-DC74-0A2A5B1748E1" localFKIndex="7777A0C2-F1A3-5BEE-0B45-4CF1D4E21BC1" name="Supermercado_Servicios_FK">
<createdBy>marianapinedamiranda</createdBy>
<createdTime>2023-10-02 02:52:30 UTC</createdTime>
<generatorID>25EB5CA7-4F58-1F32-A4DF-C5648B26EEAA</generatorID>
<ownerDesignName>ProyectoSistrans</ownerDesignName>
<referredTableLongName>Servicios</referredTableLongName>
<arc>BB6144FF-3A0A-A223-3CBD-32D863A2299F</arc>
<deleteRule>NO ACTION</deleteRule>
<referredTableID>5199ADCC-92D2-13BE-DA15-5EA6F46FAC4C</referredTableID>
<keyObject>4B7C75DF-1E3F-25C0-E735-A51AD24E993C</keyObject>
<referredKeyID>4B7C75DF-1E3F-25C0-E735-A51AD24E993C</referredKeyID>
<mandatory>true</mandatory>
<refColNames>id_servicio</refColNames>
<transferable>true</transferable>
<rely>false</rely>
<columnDependencyConstraintGenerateInDDL>true</columnDependencyConstraintGenerateInDDL>
</FKIndexAssociation>