<?xml version = '1.0' encoding = 'UTF-8'?>
<FKIndexAssociation class="oracle.dbtools.crest.model.design.relational.FKIndexAssociation" directorySegmentName="seg_0" id="7CD8E8CD-C826-F0EA-268B-ECE640CA0437" containerWithKeyObject="F6D309CD-7357-6F62-42E0-4E3B9CCAE387" localFKIndex="AF68BF40-2195-D164-3FF5-155201BAA953" name="Reservas_Hoteles_FK">
<createdBy>marianapinedamiranda</createdBy>
<createdTime>2023-10-02 02:52:30 UTC</createdTime>
<generatorID>44450ECE-988E-724B-3832-4155B9F0FA30</generatorID>
<ownerDesignName>ProyectoSistrans</ownerDesignName>
<referredTableLongName>Hoteles</referredTableLongName>
<deleteRule>NO ACTION</deleteRule>
<referredTableID>1E73CE4C-391B-3C1B-BC36-FF7DA57A0A98</referredTableID>
<keyObject>AFE51BA9-CAC0-1828-87E6-2A5EFD605B72</keyObject>
<referredKeyID>AFE51BA9-CAC0-1828-87E6-2A5EFD605B72</referredKeyID>
<mandatory>true</mandatory>
<refColNames>nombre</refColNames>
<transferable>true</transferable>
<rely>false</rely>
<columnDependencyConstraintGenerateInDDL>true</columnDependencyConstraintGenerateInDDL>
</FKIndexAssociation>