<?xml version = '1.0' encoding = 'UTF-8'?>
<FKIndexAssociation class="oracle.dbtools.crest.model.design.relational.FKIndexAssociation" directorySegmentName="seg_0" id="857A5C2B-3850-4C6E-F193-53558EFA4570" containerWithKeyObject="59D1AE05-3FDF-804C-B66D-0867E6BE6784" localFKIndex="C30116DC-0CE6-CA90-4653-D2224897499B" name="Habitaciones_TipoHabitacion_FK">
<createdBy>marianapinedamiranda</createdBy>
<createdTime>2023-10-02 02:52:31 UTC</createdTime>
<generatorID>6D2898E2-44E4-07FF-4505-43D82EC512DE</generatorID>
<ownerDesignName>ProyectoSistrans</ownerDesignName>
<referredTableLongName>TipoHabitacion</referredTableLongName>
<deleteRule>NO ACTION</deleteRule>
<referredTableID>A34508A6-6162-DD08-FF43-C3D1343F5C22</referredTableID>
<keyObject>A2028EF2-E908-C8C4-2357-D5A4C7CE909A</keyObject>
<referredKeyID>A2028EF2-E908-C8C4-2357-D5A4C7CE909A</referredKeyID>
<mandatory>true</mandatory>
<refColNames>id</refColNames>
<transferable>true</transferable>
<rely>false</rely>
<columnDependencyConstraintGenerateInDDL>true</columnDependencyConstraintGenerateInDDL>
</FKIndexAssociation>