<?xml version = '1.0' encoding = 'UTF-8'?>
<FKIndexAssociation class="oracle.dbtools.crest.model.design.relational.FKIndexAssociation" directorySegmentName="seg_0" id="8BA44886-D926-80E1-A27C-F95B563D2983" containerWithKeyObject="DD78B3FD-4A8C-616E-9BBB-04877B08008E" localFKIndex="F9FD20DA-860F-49D0-F639-6BBF6DD90C3E" name="Clientes_Usuarios_FK">
<createdBy>marianapinedamiranda</createdBy>
<createdTime>2023-10-02 02:52:30 UTC</createdTime>
<generatorID>398A8078-66AF-7183-790D-B7A29D69E07C</generatorID>
<ownerDesignName>ProyectoSistrans</ownerDesignName>
<referredTableLongName>Usuarios</referredTableLongName>
<arc>2B06653A-9FF4-658B-95DE-8BCD3B6197FB</arc>
<deleteRule>NO ACTION</deleteRule>
<referredTableID>E2775496-867F-0480-50AA-CAC60DD876D9</referredTableID>
<keyObject>B6B1C0D5-AC44-2C97-4612-31194E424A55</keyObject>
<referredKeyID>B6B1C0D5-AC44-2C97-4612-31194E424A55</referredKeyID>
<mandatory>true</mandatory>
<refColNames>id</refColNames>
<transferable>true</transferable>
<rely>false</rely>
<columnDependencyConstraintGenerateInDDL>true</columnDependencyConstraintGenerateInDDL>
</FKIndexAssociation>