<?xml version = '1.0' encoding = 'UTF-8'?>
<FKIndexAssociation class="oracle.dbtools.crest.model.design.relational.FKIndexAssociation" directorySegmentName="seg_0" id="BF15DF00-083D-FBB1-3220-4045E1D7D370" containerWithKeyObject="E9DE7D18-4042-2FBC-E5A1-D6136F5789AE" localFKIndex="7B4D102A-99F8-5E6B-BAAB-EB5A32BB5228" name="Empleados_Usuarios_FK">
<createdBy>marianapinedamiranda</createdBy>
<createdTime>2023-10-02 02:52:30 UTC</createdTime>
<generatorID>BCB8E2AF-D153-3250-EC76-8DCC824195B5</generatorID>
<ownerDesignName>ProyectoSistrans</ownerDesignName>
<referredTableLongName>Usuarios</referredTableLongName>
<arc>2B06653A-9FF4-658B-95DE-8BCD3B6197FB</arc>
<deleteRule>NO ACTION</deleteRule>
<referredTableID>E2775496-867F-0480-50AA-CAC60DD876D9</referredTableID>
<keyObject>B6B1C0D5-AC44-2C97-4612-31194E424A55</keyObject>
<referredKeyID>B6B1C0D5-AC44-2C97-4612-31194E424A55</referredKeyID>
<mandatory>true</mandatory>
<refColNames>id</refColNames>
<transferable>true</transferable>
<rely>false</rely>
<columnDependencyConstraintGenerateInDDL>true</columnDependencyConstraintGenerateInDDL>
</FKIndexAssociation>