<?xml version = '1.0' encoding = 'UTF-8'?>
<FKIndexAssociation class="oracle.dbtools.crest.model.design.relational.FKIndexAssociation" directorySegmentName="seg_0" id="BFDA0E70-DE8E-CBBF-A9C0-3B1D90579C38" containerWithKeyObject="511D0AA9-A6D0-1DAC-02A3-A2C30CF41C99" localFKIndex="22038582-C3A4-856E-D0AF-F1FECD9F6DC4" name="Spas_Servicios_FK">
<createdBy>marianapinedamiranda</createdBy>
<createdTime>2023-10-02 02:52:30 UTC</createdTime>
<generatorID>5064E6D3-DC4B-4420-7357-E227B39C757E</generatorID>
<ownerDesignName>ProyectoSistrans</ownerDesignName>
<referredTableLongName>Servicios</referredTableLongName>
<arc>BB6144FF-3A0A-A223-3CBD-32D863A2299F</arc>
<deleteRule>NO ACTION</deleteRule>
<referredTableID>5199ADCC-92D2-13BE-DA15-5EA6F46FAC4C</referredTableID>
<keyObject>4B7C75DF-1E3F-25C0-E735-A51AD24E993C</keyObject>
<referredKeyID>4B7C75DF-1E3F-25C0-E735-A51AD24E993C</referredKeyID>
<mandatory>true</mandatory>
<refColNames>id_servicio</refColNames>
<transferable>true</transferable>
<rely>false</rely>
<columnDependencyConstraintGenerateInDDL>true</columnDependencyConstraintGenerateInDDL>
</FKIndexAssociation>