<?xml version = '1.0' encoding = 'UTF-8'?>
<FKIndexAssociation class="oracle.dbtools.crest.model.design.relational.FKIndexAssociation" directorySegmentName="seg_0" id="CCEA4242-F73B-C20D-6DF8-5F6E8A60469A" containerWithKeyObject="59D1AE05-3FDF-804C-B66D-0867E6BE6784" localFKIndex="273BA206-31A5-30F5-C3F8-1B7CF40C715F" name="Habitaciones_Hoteles_FK">
<createdBy>marianapinedamiranda</createdBy>
<createdTime>2023-10-02 02:52:30 UTC</createdTime>
<generatorID>88D30F4F-EE73-6C9E-7732-3D61E7FDB8C4</generatorID>
<ownerDesignName>ProyectoSistrans</ownerDesignName>
<referredTableLongName>Hoteles</referredTableLongName>
<deleteRule>NO ACTION</deleteRule>
<referredTableID>1E73CE4C-391B-3C1B-BC36-FF7DA57A0A98</referredTableID>
<keyObject>AFE51BA9-CAC0-1828-87E6-2A5EFD605B72</keyObject>
<referredKeyID>AFE51BA9-CAC0-1828-87E6-2A5EFD605B72</referredKeyID>
<mandatory>true</mandatory>
<refColNames>nombre</refColNames>
<transferable>true</transferable>
<rely>false</rely>
<columnDependencyConstraintGenerateInDDL>true</columnDependencyConstraintGenerateInDDL>
</FKIndexAssociation>