<?xml version = '1.0' encoding = 'UTF-8'?>
<FKIndexAssociation class="oracle.dbtools.crest.model.design.relational.FKIndexAssociation" directorySegmentName="seg_0" id="CD62D564-0D4B-5EFB-96D8-96CACFBA15D0" containerWithKeyObject="627FE939-E10C-2711-1B7A-84B9ADE15791" localFKIndex="FE409EC3-1CBA-87BE-EEFA-CDCC0DBE6D0C" name="Platos_Restaurantes_FK">
<createdBy>marianapinedamiranda</createdBy>
<createdTime>2023-10-02 02:52:30 UTC</createdTime>
<generatorID>576CBA0A-C63E-4474-8AB5-688F6CF44E11</generatorID>
<ownerDesignName>ProyectoSistrans</ownerDesignName>
<referredTableLongName>Restaurantes</referredTableLongName>
<deleteRule>NO ACTION</deleteRule>
<referredTableID>C8216347-7BF8-7B68-634C-ABF6A23C42C1</referredTableID>
<keyObject>8E196527-2395-B02B-D49A-BDCC14696C01</keyObject>
<referredKeyID>8E196527-2395-B02B-D49A-BDCC14696C01</referredKeyID>
<mandatory>true</mandatory>
<refColNames>id_servicio</refColNames>
<transferable>true</transferable>
<rely>false</rely>
<columnDependencyConstraintGenerateInDDL>true</columnDependencyConstraintGenerateInDDL>
</FKIndexAssociation>