<?xml version = '1.0' encoding = 'UTF-8'?>
<FKIndexAssociation class="oracle.dbtools.crest.model.design.relational.FKIndexAssociation" directorySegmentName="seg_0" id="DBE72483-D90E-4AF9-7A77-44CAB00C8BB7" containerWithKeyObject="75F95BB6-AFC3-8A58-E4EF-1BFC3E5538B4" localFKIndex="852909D1-4DD4-5482-9786-8CB210F08D72" name="Checkins_Empleados_FK">
<createdBy>marianapinedamiranda</createdBy>
<createdTime>2023-10-02 02:52:30 UTC</createdTime>
<generatorID>968A8EFA-F707-A508-5677-D44CEDC5D39C</generatorID>
<ownerDesignName>ProyectoSistrans</ownerDesignName>
<referredTableLongName>Empleados</referredTableLongName>
<deleteRule>NO ACTION</deleteRule>
<referredTableID>E9DE7D18-4042-2FBC-E5A1-D6136F5789AE</referredTableID>
<keyObject>E10166FB-A8BE-852A-D953-0F2F4227E44C</keyObject>
<referredKeyID>E10166FB-A8BE-852A-D953-0F2F4227E44C</referredKeyID>
<mandatory>true</mandatory>
<refColNames>id</refColNames>
<transferable>true</transferable>
<rely>false</rely>
<columnDependencyConstraintGenerateInDDL>true</columnDependencyConstraintGenerateInDDL>
</FKIndexAssociation>