<?xml version = '1.0' encoding = 'UTF-8'?>
<FKIndexAssociation class="oracle.dbtools.crest.model.design.relational.FKIndexAssociation" directorySegmentName="seg_0" id="E065E179-BC86-C74A-2094-75E2198B08C7" containerWithKeyObject="75F95BB6-AFC3-8A58-E4EF-1BFC3E5538B4" localFKIndex="7F794274-1E06-6B37-816B-50E8A8E73357" name="Checkins_Clientes_FK">
<createdBy>marianapinedamiranda</createdBy>
<createdTime>2023-10-02 02:52:30 UTC</createdTime>
<generatorID>AA83F5E4-57A7-27A6-2711-F3065C1B126E</generatorID>
<ownerDesignName>ProyectoSistrans</ownerDesignName>
<referredTableLongName>Clientes</referredTableLongName>
<deleteRule>NO ACTION</deleteRule>
<referredTableID>DD78B3FD-4A8C-616E-9BBB-04877B08008E</referredTableID>
<keyObject>2B7A1723-2ADC-1B1E-0C29-BFF93C510509</keyObject>
<referredKeyID>2B7A1723-2ADC-1B1E-0C29-BFF93C510509</referredKeyID>
<mandatory>true</mandatory>
<refColNames>id</refColNames>
<transferable>true</transferable>
<rely>false</rely>
<columnDependencyConstraintGenerateInDDL>true</columnDependencyConstraintGenerateInDDL>
</FKIndexAssociation>