<?xml version = '1.0' encoding = 'UTF-8'?>
<FKIndexAssociation class="oracle.dbtools.crest.model.design.relational.FKIndexAssociation" directorySegmentName="seg_0" id="EBFA79AA-329F-913F-DF66-7B4D54F19FD8" containerWithKeyObject="950C0645-13E7-2816-E7E1-EB38FB1536AC" localFKIndex="2ED83781-9368-8085-0A83-3813AEF1B958" name="Consumos_Servicios_FK">
<createdBy>marianapinedamiranda</createdBy>
<createdTime>2023-10-02 02:52:30 UTC</createdTime>
<generatorID>A9BE220F-BE4D-C0D5-9832-A919D9D010C9</generatorID>
<ownerDesignName>ProyectoSistrans</ownerDesignName>
<referredTableLongName>Servicios</referredTableLongName>
<deleteRule>NO ACTION</deleteRule>
<referredTableID>5199ADCC-92D2-13BE-DA15-5EA6F46FAC4C</referredTableID>
<keyObject>4B7C75DF-1E3F-25C0-E735-A51AD24E993C</keyObject>
<referredKeyID>4B7C75DF-1E3F-25C0-E735-A51AD24E993C</referredKeyID>
<mandatory>true</mandatory>
<refColNames>id_servicio</refColNames>
<transferable>true</transferable>
<rely>false</rely>
<columnDependencyConstraintGenerateInDDL>true</columnDependencyConstraintGenerateInDDL>
</FKIndexAssociation>