<?xml version = '1.0' encoding = 'UTF-8'?>
<FKIndexAssociation class="oracle.dbtools.crest.model.design.relational.FKIndexAssociation" directorySegmentName="seg_0" id="EDA10C0C-F458-FC29-F566-EFD06407A98F" containerWithKeyObject="4E58F0AC-13BB-CB97-6478-E706535CE32C" localFKIndex="AABC0537-5D51-D72E-2D90-B789E3992856" name="Piscinas_Servicios_FK">
<createdBy>marianapinedamiranda</createdBy>
<createdTime>2023-10-02 02:52:30 UTC</createdTime>
<generatorID>48249D4F-3136-B7B2-69C6-1DA48763D527</generatorID>
<ownerDesignName>ProyectoSistrans</ownerDesignName>
<referredTableLongName>Servicios</referredTableLongName>
<arc>BB6144FF-3A0A-A223-3CBD-32D863A2299F</arc>
<deleteRule>NO ACTION</deleteRule>
<referredTableID>5199ADCC-92D2-13BE-DA15-5EA6F46FAC4C</referredTableID>
<keyObject>4B7C75DF-1E3F-25C0-E735-A51AD24E993C</keyObject>
<referredKeyID>4B7C75DF-1E3F-25C0-E735-A51AD24E993C</referredKeyID>
<mandatory>true</mandatory>
<refColNames>id_servicio</refColNames>
<transferable>true</transferable>
<rely>false</rely>
<columnDependencyConstraintGenerateInDDL>true</columnDependencyConstraintGenerateInDDL>
</FKIndexAssociation>