<?xml version = '1.0' encoding = 'UTF-8'?>
<FKIndexAssociation class="oracle.dbtools.crest.model.design.relational.FKIndexAssociation" directorySegmentName="seg_0" id="F39E196B-7F4F-44AB-34C9-2A1A53081648" containerWithKeyObject="950C0645-13E7-2816-E7E1-EB38FB1536AC" localFKIndex="F66E39DF-65D9-32A3-94D7-F3DD5C48DB3F" name="Consumos_Habitaciones_FK">
<createdBy>marianapinedamiranda</createdBy>
<createdTime>2023-10-02 02:52:30 UTC</createdTime>
<generatorID>F53BE562-D5F3-531F-E658-93B72AE0E108</generatorID>
<ownerDesignName>ProyectoSistrans</ownerDesignName>
<referredTableLongName>Habitaciones</referredTableLongName>
<deleteRule>NO ACTION</deleteRule>
<referredTableID>59D1AE05-3FDF-804C-B66D-0867E6BE6784</referredTableID>
<keyObject>A3A74855-DBF3-0263-0C67-E4DADC13B6EA</keyObject>
<referredKeyID>A3A74855-DBF3-0263-0C67-E4DADC13B6EA</referredKeyID>
<mandatory>true</mandatory>
<refColNames>id_habitacion</refColNames>
<transferable>true</transferable>
<rely>false</rely>
<columnDependencyConstraintGenerateInDDL>true</columnDependencyConstraintGenerateInDDL>
</FKIndexAssociation>