<?xml version = '1.0' encoding = 'UTF-8'?>
<FKIndexAssociation class="oracle.dbtools.crest.model.design.relational.FKIndexAssociation" directorySegmentName="seg_0" id="F8160CCE-7C15-E18A-1627-479E23FA5D50" containerWithKeyObject="E75BAC5D-8B32-FAC9-BB67-8AFA21E779AF" localFKIndex="A798BA33-0E73-9276-47B4-4D721B002EDD" name="reservas_servicio_Habitaciones_FK">
<createdBy>marianapinedamiranda</createdBy>
<createdTime>2023-10-02 02:52:30 UTC</createdTime>
<generatorID>399D396E-9B1F-7AE5-C5AF-CA1CEFDFD5B1</generatorID>
<ownerDesignName>ProyectoSistrans</ownerDesignName>
<referredTableLongName>Habitaciones</referredTableLongName>
<deleteRule>NO ACTION</deleteRule>
<referredTableID>59D1AE05-3FDF-804C-B66D-0867E6BE6784</referredTableID>
<keyObject>A3A74855-DBF3-0263-0C67-E4DADC13B6EA</keyObject>
<referredKeyID>A3A74855-DBF3-0263-0C67-E4DADC13B6EA</referredKeyID>
<mandatory>true</mandatory>
<refColNames>id_habitacion</refColNames>
<transferable>true</transferable>
<rely>false</rely>
<columnDependencyConstraintGenerateInDDL>true</columnDependencyConstraintGenerateInDDL>
</FKIndexAssociation>