<?xml version = '1.0' encoding = 'UTF-8'?>
<Entity class="oracle.dbtools.crest.model.design.logical.Entity" directorySegmentName="seg_0" id="0F332035-82DD-70A9-6BB2-8C924F321EE9" name="resevs_serv">
<createdBy>marianapinedamiranda</createdBy>
<createdTime>2023-10-01 02:39:22 UTC</createdTime>
<ownerDesignName>ProyectoSistrans</ownerDesignName>
<engineerTo>
<item key="82F0D14C-A1B7-645C-BBB9-1465A43CBB28" value="true"/>
</engineerTo>
<adequatelyNormalized>NO</adequatelyNormalized>
<expectedVolumes>0</expectedVolumes>
<fwdEngineeringStrategyName>Single Table</fwdEngineeringStrategyName>
<growthPercent>0</growthPercent>
<growthType>Year</growthType>
<maxVolumes>9999999</maxVolumes>
<minVolumes>0</minVolumes>
<normalForm>Third</normalForm>
<attributes itemClass="oracle.dbtools.crest.model.design.logical.Attribute">
<Attribute name="numeroReserva" id="16535E8C-1EA9-A805-69AA-AD64E5293127">
<createdBy>marianapinedamiranda</createdBy>
<createdTime>2023-10-01 02:39:31 UTC</createdTime>
<ownerDesignName>ProyectoSistrans</ownerDesignName>
<engineerTo>
<item key="82F0D14C-A1B7-645C-BBB9-1465A43CBB28" value="true"/>
</engineerTo>
<nullsAllowed>true</nullsAllowed>
<useDomainConstraints>false</useDomainConstraints>
<use>1</use>
<logicalDatatype>LOGDT011</logicalDatatype>
<ownDataTypeParameters>,,</ownDataTypeParameters>
</Attribute>
<Attribute name="fecha" id="DF644B4D-2FA7-EA31-0ED3-E683F20AAED4">
<createdBy>marianapinedamiranda</createdBy>
<createdTime>2023-10-01 02:40:19 UTC</createdTime>
<ownerDesignName>ProyectoSistrans</ownerDesignName>
<engineerTo>
<item key="82F0D14C-A1B7-645C-BBB9-1465A43CBB28" value="true"/>
</engineerTo>
<nullsAllowed>true</nullsAllowed>
<useDomainConstraints>false</useDomainConstraints>
<use>1</use>
<logicalDatatype>LOGDT007</logicalDatatype>
<ownDataTypeParameters>,,</ownDataTypeParameters>
</Attribute>
<Attribute name="costo" id="AAC145F9-39AF-B5CE-652B-9B08B781A211">
<createdBy>marianapinedamiranda</createdBy>
<createdTime>2023-10-01 02:41:17 UTC</createdTime>
<ownerDesignName>ProyectoSistrans</ownerDesignName>
<engineerTo>
<item key="82F0D14C-A1B7-645C-BBB9-1465A43CBB28" value="true"/>
</engineerTo>
<nullsAllowed>true</nullsAllowed>
<useDomainConstraints>false</useDomainConstraints>
<use>1</use>
<logicalDatatype>LOGDT011</logicalDatatype>
<ownDataTypeParameters>,,</ownDataTypeParameters>
</Attribute>
<Attribute name="id_servicio" id="750495F2-5092-68D8-5DA2-5B7E3789CCFF">
<createdBy>marianapinedamiranda</createdBy>
<createdTime>2023-10-01 02:47:03 UTC</createdTime>
<generatorID>AE880172-BB62-C352-8C3A-13AF9FC42E58</generatorID>
<ownerDesignName>ProyectoSistrans</ownerDesignName>
<engineerTo>
<item key="82F0D14C-A1B7-645C-BBB9-1465A43CBB28" value="true"/>
</engineerTo>
<referedAttribute>F2A9B781-14F0-E204-F494-3D8B8282F889</referedAttribute>
<useDomainConstraints>false</useDomainConstraints>
<use>1</use>
<logicalDatatype>LOGDT011</logicalDatatype>
<ownDataTypeParameters>,,</ownDataTypeParameters>
</Attribute>
<Attribute name="id_habitacion" id="855D372D-7EEF-5EA7-4BEB-034283E7662E">
<createdBy>marianapinedamiranda</createdBy>
<createdTime>2023-10-02 01:16:18 UTC</createdTime>
<generatorID>399D396E-9B1F-7AE5-C5AF-CA1CEFDFD5B1</generatorID>
<ownerDesignName>ProyectoSistrans</ownerDesignName>
<engineerTo>
<item key="82F0D14C-A1B7-645C-BBB9-1465A43CBB28" value="true"/>
</engineerTo>
<referedAttribute>68B62C9C-0650-4E0A-641B-6EF7B74B85BE</referedAttribute>
<useDomainConstraints>false</useDomainConstraints>
<use>1</use>
<logicalDatatype>LOGDT011</logicalDatatype>
<ownDataTypeParameters>,,</ownDataTypeParameters>
</Attribute>
</attributes>
<identifiers itemClass="oracle.dbtools.crest.model.design.logical.CandidateKey">
<identifier id="EA3BFF15-AB4F-3837-5D99-6F464FF27B8F" name="PK_ReservaServicios">
<createdBy>marianapinedamiranda</createdBy>
<createdTime>2023-10-01 02:41:37 UTC</createdTime>
<ownerDesignName>ProyectoSistrans</ownerDesignName>
<shouldEngineer>false</shouldEngineer>
<engineerTo>
<item key="82F0D14C-A1B7-645C-BBB9-1465A43CBB28" value="false"/>
</engineerTo>
<pk>true</pk>
<newElementsIDs>16535E8C-1EA9-A805-69AA-AD64E5293127</newElementsIDs>
<usedAttributes>
<attributeRef>16535E8C-1EA9-A805-69AA-AD64E5293127</attributeRef>
</usedAttributes>
</identifier>
</identifiers>
</Entity>