<?xml version = '1.0' encoding = 'UTF-8'?>
<Entity class="oracle.dbtools.crest.model.design.logical.Entity" directorySegmentName="seg_0" id="1185897D-4652-CE2F-BB55-85F4761C28B0" name="Checkouts">
<createdBy>manul</createdBy>
<createdTime>2023-09-16 16:44:35 UTC</createdTime>
<ownerDesignName>ProyectoSistrans</ownerDesignName>
<engineerTo>
<item key="A180E857-93B0-1751-BB84-BFABD2383441" value="true"/>
</engineerTo>
<adequatelyNormalized>NO</adequatelyNormalized>
<expectedVolumes>0</expectedVolumes>
<fwdEngineeringStrategyName>Single Table</fwdEngineeringStrategyName>
<growthPercent>0</growthPercent>
<growthType>Year</growthType>
<maxVolumes>9999999</maxVolumes>
<minVolumes>0</minVolumes>
<normalForm>Third</normalForm>
<attributes itemClass="oracle.dbtools.crest.model.design.logical.Attribute">
<Attribute name="id" id="7827AFD6-24C9-6DCE-6947-0B1933CA86FE">
<createdBy>manul</createdBy>
<createdTime>2023-09-16 17:22:21 UTC</createdTime>
<generatorID>F6D20008-340E-3D1A-B21D-A6EA7E7A33DF</generatorID>
<ownerDesignName>ProyectoSistrans</ownerDesignName>
<engineerTo>
<item key="A180E857-93B0-1751-BB84-BFABD2383441" value="true"/>
</engineerTo>
<referedAttribute>20059210-6213-BDB0-118A-45CE2144AF17</referedAttribute>
<useDomainConstraints>false</useDomainConstraints>
<use>1</use>
<logicalDatatype>LOGDT011</logicalDatatype>
<ownDataTypeParameters>,,</ownDataTypeParameters>
</Attribute>
<Attribute name="id_checkout" id="5C680E10-EF70-4C94-51C7-049826E31E9A">
<createdBy>marianapinedamiranda</createdBy>
<createdTime>2023-10-02 01:34:56 UTC</createdTime>
<ownerDesignName>ProyectoSistrans</ownerDesignName>
<engineerTo>
<item key="A180E857-93B0-1751-BB84-BFABD2383441" value="true"/>
</engineerTo>
<useDomainConstraints>false</useDomainConstraints>
<use>1</use>
<logicalDatatype>LOGDT011</logicalDatatype>
<ownDataTypeParameters>,,</ownDataTypeParameters>
</Attribute>
<Attribute name="id1" id="45974315-953D-BCCC-C7BD-67586035E16E">
<createdBy>marianapinedamiranda</createdBy>
<createdTime>2023-10-02 02:22:26 UTC</createdTime>
<generatorID>B99B7840-CABB-CA93-8D9F-5AF0F755BBBA</generatorID>
<ownerDesignName>ProyectoSistrans</ownerDesignName>
<engineerTo>
<item key="A180E857-93B0-1751-BB84-BFABD2383441" value="true"/>
</engineerTo>
<referedAttribute>152B75A3-1F13-3E89-1374-4E2A00AFC955</referedAttribute>
<useDomainConstraints>false</useDomainConstraints>
<use>1</use>
<logicalDatatype>LOGDT011</logicalDatatype>
<ownDataTypeParameters>,,</ownDataTypeParameters>
</Attribute>
<Attribute name="id2" id="123B13E0-2251-748F-BC5B-525424A1CF58">
<createdBy>marianapinedamiranda</createdBy>
<createdTime>2023-10-02 02:22:35 UTC</createdTime>
<generatorID>5B4F01C0-C389-BA16-65F7-DC3A03164459</generatorID>
<ownerDesignName>ProyectoSistrans</ownerDesignName>
<engineerTo>
<item key="A180E857-93B0-1751-BB84-BFABD2383441" value="true"/>
</engineerTo>
<referedAttribute>152B75A3-1F13-3E89-1374-4E2A00AFC955</referedAttribute>
<useDomainConstraints>false</useDomainConstraints>
<use>1</use>
<logicalDatatype>LOGDT011</logicalDatatype>
<ownDataTypeParameters>,,</ownDataTypeParameters>
</Attribute>
</attributes>
<identifiers itemClass="oracle.dbtools.crest.model.design.logical.CandidateKey">
<identifier id="D3FE9E5C-57DB-A726-5DF9-AB4F82B10B3E" name="Check-out PK">
<createdBy>marianapinedamiranda</createdBy>
<createdTime>2023-10-02 01:35:28 UTC</createdTime>
<ownerDesignName>ProyectoSistrans</ownerDesignName>
<engineerTo>
<item key="A180E857-93B0-1751-BB84-BFABD2383441" value="true"/>
</engineerTo>
<pk>true</pk>
<newElementsIDs>5C680E10-EF70-4C94-51C7-049826E31E9A</newElementsIDs>
<usedAttributes>
<attributeRef>5C680E10-EF70-4C94-51C7-049826E31E9A</attributeRef>
</usedAttributes>
</identifier>
</identifiers>
</Entity>