<?xml version = '1.0' encoding = 'UTF-8'?>
<Entity class="oracle.dbtools.crest.model.design.logical.Entity" directorySegmentName="seg_0" id="16D00166-0F15-602B-7BF5-84AF91D12BEC" name="Servicios">
<createdBy>manul</createdBy>
<createdTime>2023-09-16 17:16:29 UTC</createdTime>
<ownerDesignName>ProyectoSistrans</ownerDesignName>
<engineerTo>
<item key="B872552E-F2C5-9C67-856B-B6431AA27ADA" value="true"/>
</engineerTo>
<adequatelyNormalized>NO</adequatelyNormalized>
<expectedVolumes>0</expectedVolumes>
<fwdEngineeringStrategyName>Single Table</fwdEngineeringStrategyName>
<growthPercent>0</growthPercent>
<growthType>Year</growthType>
<maxVolumes>9999999</maxVolumes>
<minVolumes>0</minVolumes>
<normalForm>Third</normalForm>
<attributes itemClass="oracle.dbtools.crest.model.design.logical.Attribute">
<Attribute name="id_servicio" id="F2A9B781-14F0-E204-F494-3D8B8282F889">
<createdBy>manul</createdBy>
<createdTime>2023-09-16 17:16:33 UTC</createdTime>
<ownerDesignName>ProyectoSistrans</ownerDesignName>
<engineerTo>
<item key="B872552E-F2C5-9C67-856B-B6431AA27ADA" value="true"/>
</engineerTo>
<useDomainConstraints>false</useDomainConstraints>
<use>1</use>
<logicalDatatype>LOGDT011</logicalDatatype>
<ownDataTypeParameters>,,</ownDataTypeParameters>
</Attribute>
<Attribute name="nombre" id="469E8F27-8AA0-9E38-3198-E9A1BB813FDB">
<createdBy>manul</createdBy>
<createdTime>2023-09-16 20:00:59 UTC</createdTime>
<generatorID>6E95A2E2-0B91-9691-2292-6F2FBC6EE023</generatorID>
<ownerDesignName>ProyectoSistrans</ownerDesignName>
<engineerTo>
<item key="B872552E-F2C5-9C67-856B-B6431AA27ADA" value="true"/>
</engineerTo>
<referedAttribute>F120C7B1-10E8-6EA4-D8E7-5843E488E8FB</referedAttribute>
<useDomainConstraints>false</useDomainConstraints>
<use>1</use>
<logicalDatatype>A3A3C77D-0366-9768-FF89-1C25E56881C8</logicalDatatype>
<ownDataTypeParameters>,,</ownDataTypeParameters>
</Attribute>
</attributes>
<identifiers itemClass="oracle.dbtools.crest.model.design.logical.CandidateKey">
<identifier id="AA52D276-FB5A-CDE6-407F-2F08084258F0" name="Servicio PK">
<createdBy>manul</createdBy>
<createdTime>2023-09-16 17:16:46 UTC</createdTime>
<ownerDesignName>ProyectoSistrans</ownerDesignName>
<engineerTo>
<item key="B872552E-F2C5-9C67-856B-B6431AA27ADA" value="true"/>
</engineerTo>
<pk>true</pk>
<usedAttributes>
<attributeRef>F2A9B781-14F0-E204-F494-3D8B8282F889</attributeRef>
</usedAttributes>
</identifier>
</identifiers>
</Entity>