<?xml version = '1.0' encoding = 'UTF-8'?>
<Entity class="oracle.dbtools.crest.model.design.logical.Entity" directorySegmentName="seg_0" id="29E16AFA-B5FE-AF80-6CC7-54E4238D397D" name="Habitaciones">
<createdBy>manul</createdBy>
<createdTime>2023-09-16 18:01:46 UTC</createdTime>
<ownerDesignName>ProyectoSistrans</ownerDesignName>
<engineerTo>
<item key="B872552E-F2C5-9C67-856B-B6431AA27ADA" value="true"/>
</engineerTo>
<adequatelyNormalized>NO</adequatelyNormalized>
<expectedVolumes>0</expectedVolumes>
<fwdEngineeringStrategyName>Single Table</fwdEngineeringStrategyName>
<growthPercent>0</growthPercent>
<growthType>Year</growthType>
<maxVolumes>9999999</maxVolumes>
<minVolumes>0</minVolumes>
<normalForm>Third</normalForm>
<attributes itemClass="oracle.dbtools.crest.model.design.logical.Attribute">
<Attribute name="tipo" id="353B8353-8264-FA2F-7EA1-8C3B40473D25">
<createdBy>manul</createdBy>
<createdTime>2023-09-16 18:01:52 UTC</createdTime>
<ownerDesignName>ProyectoSistrans</ownerDesignName>
<engineerTo>
<item key="B872552E-F2C5-9C67-856B-B6431AA27ADA" value="true"/>
</engineerTo>
<useDomainConstraints>false</useDomainConstraints>
<use>1</use>
<logicalDatatype>A3A3C77D-0366-9768-FF89-1C25E56881C8</logicalDatatype>
<ownDataTypeParameters>,,</ownDataTypeParameters>
</Attribute>
<Attribute name="nombre" id="5A2EEF1E-EDA1-2879-F9A0-7070D4FC10EA">
<createdBy>manul</createdBy>
<createdTime>2023-09-16 20:00:08 UTC</createdTime>
<generatorID>88D30F4F-EE73-6C9E-7732-3D61E7FDB8C4</generatorID>
<ownerDesignName>ProyectoSistrans</ownerDesignName>
<engineerTo>
<item key="B872552E-F2C5-9C67-856B-B6431AA27ADA" value="true"/>
</engineerTo>
<referedAttribute>F120C7B1-10E8-6EA4-D8E7-5843E488E8FB</referedAttribute>
<useDomainConstraints>false</useDomainConstraints>
<use>1</use>
<logicalDatatype>A3A3C77D-0366-9768-FF89-1C25E56881C8</logicalDatatype>
<ownDataTypeParameters>,,</ownDataTypeParameters>
</Attribute>
<Attribute name="id_habitacion" id="68B62C9C-0650-4E0A-641B-6EF7B74B85BE">
<createdBy>manul</createdBy>
<createdTime>2023-09-16 20:09:16 UTC</createdTime>
<ownerDesignName>ProyectoSistrans</ownerDesignName>
<engineerTo>
<item key="B872552E-F2C5-9C67-856B-B6431AA27ADA" value="true"/>
</engineerTo>
<useDomainConstraints>false</useDomainConstraints>
<use>1</use>
<logicalDatatype>LOGDT011</logicalDatatype>
<ownDataTypeParameters>,,</ownDataTypeParameters>
</Attribute>
<Attribute name="id" id="D03B3AAA-0EDE-6CF9-08EC-82900D5C3BA8">
<createdBy>marianapinedamiranda</createdBy>
<createdTime>2023-10-02 02:35:50 UTC</createdTime>
<generatorID>6D2898E2-44E4-07FF-4505-43D82EC512DE</generatorID>
<ownerDesignName>ProyectoSistrans</ownerDesignName>
<engineerTo>
<item key="B872552E-F2C5-9C67-856B-B6431AA27ADA" value="true"/>
</engineerTo>
<referedAttribute>52B83E1A-85FD-4F7C-EABE-7F72BDB4A429</referedAttribute>
<use>1</use>
<logicalDatatype>LOGDT011</logicalDatatype>
<ownDataTypeParameters>,,</ownDataTypeParameters>
</Attribute>
</attributes>
<identifiers itemClass="oracle.dbtools.crest.model.design.logical.CandidateKey">
<identifier id="D5137FB8-340B-019B-DC82-78B6F2D4ED86" name="Habitacion PK">
<createdBy>manul</createdBy>
<createdTime>2023-09-16 18:02:02 UTC</createdTime>
<ownerDesignName>ProyectoSistrans</ownerDesignName>
<engineerTo>
<item key="B872552E-F2C5-9C67-856B-B6431AA27ADA" value="true"/>
</engineerTo>
<pk>true</pk>
<usedAttributes>
<attributeRef>68B62C9C-0650-4E0A-641B-6EF7B74B85BE</attributeRef>
</usedAttributes>
</identifier>
</identifiers>
</Entity>