<?xml version = '1.0' encoding = 'UTF-8'?>
<Entity class="oracle.dbtools.crest.model.design.logical.Entity" directorySegmentName="seg_0" id="3604898D-1362-A614-E357-916F65AB275C" name="Checkins">
<createdBy>manul</createdBy>
<createdTime>2023-09-16 16:43:12 UTC</createdTime>
<ownerDesignName>ProyectoSistrans</ownerDesignName>
<engineerTo>
<item key="B872552E-F2C5-9C67-856B-B6431AA27ADA" value="true"/>
</engineerTo>
<adequatelyNormalized>NO</adequatelyNormalized>
<expectedVolumes>0</expectedVolumes>
<fwdEngineeringStrategyName>Single Table</fwdEngineeringStrategyName>
<growthPercent>0</growthPercent>
<growthType>Year</growthType>
<maxVolumes>9999999</maxVolumes>
<minVolumes>0</minVolumes>
<normalForm>Third</normalForm>
<attributes itemClass="oracle.dbtools.crest.model.design.logical.Attribute">
<Attribute name="id" id="F2288066-7EDB-71E9-F6D8-773C06192E14">
<createdBy>manul</createdBy>
<createdTime>2023-09-16 17:22:07 UTC</createdTime>
<generatorID>EC4CFB2A-2E12-50FA-7730-457FFD825534</generatorID>
<ownerDesignName>ProyectoSistrans</ownerDesignName>
<engineerTo>
<item key="B872552E-F2C5-9C67-856B-B6431AA27ADA" value="true"/>
</engineerTo>
<referedAttribute>20059210-6213-BDB0-118A-45CE2144AF17</referedAttribute>
<useDomainConstraints>false</useDomainConstraints>
<use>1</use>
<logicalDatatype>LOGDT011</logicalDatatype>
<ownDataTypeParameters>,,</ownDataTypeParameters>
</Attribute>
<Attribute name="id_checkin" id="75C9850B-BBD1-9BD6-FB6E-D11EA9C63486">
<createdBy>marianapinedamiranda</createdBy>
<createdTime>2023-10-02 01:27:54 UTC</createdTime>
<ownerDesignName>ProyectoSistrans</ownerDesignName>
<engineerTo>
<item key="B872552E-F2C5-9C67-856B-B6431AA27ADA" value="true"/>
</engineerTo>
<useDomainConstraints>false</useDomainConstraints>
<use>1</use>
<logicalDatatype>LOGDT011</logicalDatatype>
<ownDataTypeParameters>,,</ownDataTypeParameters>
</Attribute>
<Attribute name="id1" id="EE1AB17C-6F25-1F14-9566-40219CD60774">
<createdBy>marianapinedamiranda</createdBy>
<createdTime>2023-10-02 02:22:26 UTC</createdTime>
<generatorID>AA83F5E4-57A7-27A6-2711-F3065C1B126E</generatorID>
<ownerDesignName>ProyectoSistrans</ownerDesignName>
<engineerTo>
<item key="B872552E-F2C5-9C67-856B-B6431AA27ADA" value="true"/>
</engineerTo>
<referedAttribute>152B75A3-1F13-3E89-1374-4E2A00AFC955</referedAttribute>
<useDomainConstraints>false</useDomainConstraints>
<use>1</use>
<logicalDatatype>LOGDT011</logicalDatatype>
<ownDataTypeParameters>,,</ownDataTypeParameters>
</Attribute>
<Attribute name="id2" id="C3041A4D-D5BA-D47E-89D9-1B604EC54929">
<createdBy>marianapinedamiranda</createdBy>
<createdTime>2023-10-02 02:22:35 UTC</createdTime>
<generatorID>968A8EFA-F707-A508-5677-D44CEDC5D39C</generatorID>
<ownerDesignName>ProyectoSistrans</ownerDesignName>
<engineerTo>
<item key="B872552E-F2C5-9C67-856B-B6431AA27ADA" value="true"/>
</engineerTo>
<referedAttribute>152B75A3-1F13-3E89-1374-4E2A00AFC955</referedAttribute>
<useDomainConstraints>false</useDomainConstraints>
<use>1</use>
<logicalDatatype>LOGDT011</logicalDatatype>
<ownDataTypeParameters>,,</ownDataTypeParameters>
</Attribute>
</attributes>
<identifiers itemClass="oracle.dbtools.crest.model.design.logical.CandidateKey">
<identifier id="33344636-E6B6-B201-2B3F-40C13F9B65EB" name="Checkins PK">
<createdBy>marianapinedamiranda</createdBy>
<createdTime>2023-10-02 01:34:38 UTC</createdTime>
<ownerDesignName>ProyectoSistrans</ownerDesignName>
<engineerTo>
<item key="B872552E-F2C5-9C67-856B-B6431AA27ADA" value="true"/>
</engineerTo>
<pk>true</pk>
<newElementsIDs>75C9850B-BBD1-9BD6-FB6E-D11EA9C63486</newElementsIDs>
<usedAttributes>
<attributeRef>75C9850B-BBD1-9BD6-FB6E-D11EA9C63486</attributeRef>
</usedAttributes>
</identifier>
</identifiers>
</Entity>