<?xml version = '1.0' encoding = 'UTF-8'?>
<Entity class="oracle.dbtools.crest.model.design.logical.Entity" directorySegmentName="seg_0" id="3FFD4429-B807-0B28-ADF4-BEC3FFCAD9A5" name="Platos">
<createdBy>manul</createdBy>
<createdTime>2023-09-16 17:18:32 UTC</createdTime>
<ownerDesignName>ProyectoSistrans</ownerDesignName>
<engineerTo>
<item key="82F0D14C-A1B7-645C-BBB9-1465A43CBB28" value="true"/>
</engineerTo>
<adequatelyNormalized>NO</adequatelyNormalized>
<expectedVolumes>0</expectedVolumes>
<fwdEngineeringStrategyName>Single Table</fwdEngineeringStrategyName>
<growthPercent>0</growthPercent>
<growthType>Year</growthType>
<maxVolumes>9999999</maxVolumes>
<minVolumes>0</minVolumes>
<normalForm>Third</normalForm>
<attributes itemClass="oracle.dbtools.crest.model.design.logical.Attribute">
<Attribute name="nombre" id="AC4B222E-0402-B5A7-DC79-1EBF651B5521">
<createdBy>manul</createdBy>
<createdTime>2023-09-16 17:18:47 UTC</createdTime>
<ownerDesignName>ProyectoSistrans</ownerDesignName>
<engineerTo>
<item key="82F0D14C-A1B7-645C-BBB9-1465A43CBB28" value="true"/>
</engineerTo>
<useDomainConstraints>false</useDomainConstraints>
<use>1</use>
<logicalDatatype>A3A3C77D-0366-9768-FF89-1C25E56881C8</logicalDatatype>
<ownDataTypeParameters>,,</ownDataTypeParameters>
</Attribute>
<Attribute name="costo" id="92014363-50C5-1933-11FB-1E55A21D0FBC">
<createdBy>manul</createdBy>
<createdTime>2023-09-16 17:19:05 UTC</createdTime>
<ownerDesignName>ProyectoSistrans</ownerDesignName>
<engineerTo>
<item key="82F0D14C-A1B7-645C-BBB9-1465A43CBB28" value="true"/>
</engineerTo>
<useDomainConstraints>false</useDomainConstraints>
<use>1</use>
<logicalDatatype>LOGDT020</logicalDatatype>
<ownDataTypeParameters>,,</ownDataTypeParameters>
</Attribute>
<Attribute name="id_servicio" id="272C036C-40E3-A1B7-A134-C80F0FC0CDE8">
<createdBy>marianapinedamiranda</createdBy>
<createdTime>2023-10-01 13:55:22 UTC</createdTime>
<generatorID>576CBA0A-C63E-4474-8AB5-688F6CF44E11</generatorID>
<ownerDesignName>ProyectoSistrans</ownerDesignName>
<engineerTo>
<item key="82F0D14C-A1B7-645C-BBB9-1465A43CBB28" value="true"/>
</engineerTo>
<referedAttribute>F2A9B781-14F0-E204-F494-3D8B8282F889</referedAttribute>
<useDomainConstraints>false</useDomainConstraints>
<use>1</use>
<logicalDatatype>LOGDT011</logicalDatatype>
<ownDataTypeParameters>,,</ownDataTypeParameters>
</Attribute>
<Attribute name="id" id="C7D5652D-E6DA-134E-2653-BD4BF95A0D95">
<createdBy>marianapinedamiranda</createdBy>
<createdTime>2023-10-02 01:26:22 UTC</createdTime>
<ownerDesignName>ProyectoSistrans</ownerDesignName>
<engineerTo>
<item key="82F0D14C-A1B7-645C-BBB9-1465A43CBB28" value="true"/>
</engineerTo>
<useDomainConstraints>false</useDomainConstraints>
<use>1</use>
<logicalDatatype>LOGDT011</logicalDatatype>
<ownDataTypeParameters>,,</ownDataTypeParameters>
</Attribute>
</attributes>
<identifiers itemClass="oracle.dbtools.crest.model.design.logical.CandidateKey">
<identifier id="AA285EA1-6651-B10C-5DB6-98F6691E1DE9" name="Plato PK">
<createdBy>manul</createdBy>
<createdTime>2023-09-16 17:18:59 UTC</createdTime>
<ownerDesignName>ProyectoSistrans</ownerDesignName>
<shouldEngineer>false</shouldEngineer>
<engineerTo>
<item key="82F0D14C-A1B7-645C-BBB9-1465A43CBB28" value="false"/>
</engineerTo>
<pk>true</pk>
<newElementsIDs>C7D5652D-E6DA-134E-2653-BD4BF95A0D95</newElementsIDs>
<usedAttributes>
<attributeRef>C7D5652D-E6DA-134E-2653-BD4BF95A0D95</attributeRef>
</usedAttributes>
</identifier>
</identifiers>
</Entity>