<?xml version = '1.0' encoding = 'UTF-8'?>
<Entity class="oracle.dbtools.crest.model.design.logical.Entity" directorySegmentName="seg_0" id="60143A4B-7B66-C7F6-3EDC-B04D2325637E" name="Supermercado">
<createdBy>manul</createdBy>
<createdTime>2023-09-16 17:22:37 UTC</createdTime>
<ownerDesignName>ProyectoSistrans</ownerDesignName>
<engineerTo>
<item key="B872552E-F2C5-9C67-856B-B6431AA27ADA" value="true"/>
</engineerTo>
<adequatelyNormalized>NO</adequatelyNormalized>
<expectedVolumes>0</expectedVolumes>
<fwdEngineeringStrategyName>Single Table</fwdEngineeringStrategyName>
<growthPercent>0</growthPercent>
<growthType>Year</growthType>
<hierarchicalParent>16D00166-0F15-602B-7BF5-84AF91D12BEC</hierarchicalParent>
<maxVolumes>9999999</maxVolumes>
<minVolumes>0</minVolumes>
<normalForm>Third</normalForm>
<attributes itemClass="oracle.dbtools.crest.model.design.logical.Attribute">
<Attribute name="nombre" id="4CD74A3C-B4CB-76B7-C8E0-B317938AED8D">
<createdBy>marianapinedamiranda</createdBy>
<createdTime>2023-10-02 02:34:44 UTC</createdTime>
<ownerDesignName>ProyectoSistrans</ownerDesignName>
<engineerTo>
<item key="B872552E-F2C5-9C67-856B-B6431AA27ADA" value="true"/>
</engineerTo>
<nullsAllowed>true</nullsAllowed>
<useDomainConstraints>false</useDomainConstraints>
<use>1</use>
<logicalDatatype>LOGDT024</logicalDatatype>
<dataTypeSize>50</dataTypeSize>
<ownDataTypeParameters>50,,</ownDataTypeParameters>
</Attribute>
</attributes>
</Entity>