<?xml version = '1.0' encoding = 'UTF-8'?>
<Entity class="oracle.dbtools.crest.model.design.logical.Entity" directorySegmentName="seg_0" id="63C900FE-30F3-DE17-286A-BD51325D445D" name="Consumos">
<createdBy>marianapinedamiranda</createdBy>
<createdTime>2023-10-02 01:56:32 UTC</createdTime>
<ownerDesignName>ProyectoSistrans</ownerDesignName>
<engineerTo>
<item key="B872552E-F2C5-9C67-856B-B6431AA27ADA" value="true"/>
</engineerTo>
<adequatelyNormalized>NO</adequatelyNormalized>
<expectedVolumes>0</expectedVolumes>
<fwdEngineeringStrategyName>Single Table</fwdEngineeringStrategyName>
<growthPercent>0</growthPercent>
<growthType>Year</growthType>
<maxVolumes>9999999</maxVolumes>
<minVolumes>0</minVolumes>
<normalForm>Third</normalForm>
<attributes itemClass="oracle.dbtools.crest.model.design.logical.Attribute">
<Attribute name="id" id="BDF46204-4A59-77EE-517E-82FF9B34906F">
<createdBy>marianapinedamiranda</createdBy>
<createdTime>2023-10-02 01:56:37 UTC</createdTime>
<ownerDesignName>ProyectoSistrans</ownerDesignName>
<engineerTo>
<item key="B872552E-F2C5-9C67-856B-B6431AA27ADA" value="true"/>
</engineerTo>
<nullsAllowed>true</nullsAllowed>
<useDomainConstraints>false</useDomainConstraints>
<use>1</use>
<logicalDatatype>LOGDT011</logicalDatatype>
<ownDataTypeParameters>,,</ownDataTypeParameters>
</Attribute>
<Attribute name="descripcion" id="291F00C9-2306-1180-1197-00F19A22FF31">
<createdBy>marianapinedamiranda</createdBy>
<createdTime>2023-10-02 01:57:02 UTC</createdTime>
<ownerDesignName>ProyectoSistrans</ownerDesignName>
<engineerTo>
<item key="B872552E-F2C5-9C67-856B-B6431AA27ADA" value="true"/>
</engineerTo>
<nullsAllowed>true</nullsAllowed>
<useDomainConstraints>false</useDomainConstraints>
<use>1</use>
<logicalDatatype>LOGDT024</logicalDatatype>
<dataTypeSize>500</dataTypeSize>
<ownDataTypeParameters>500,,</ownDataTypeParameters>
</Attribute>
<Attribute name="costo" id="ED163A1F-23CA-6A41-8330-A6A399F01D61">
<createdBy>marianapinedamiranda</createdBy>
<createdTime>2023-10-02 01:57:29 UTC</createdTime>
<ownerDesignName>ProyectoSistrans</ownerDesignName>
<engineerTo>
<item key="B872552E-F2C5-9C67-856B-B6431AA27ADA" value="true"/>
</engineerTo>
<nullsAllowed>true</nullsAllowed>
<useDomainConstraints>false</useDomainConstraints>
<use>1</use>
<logicalDatatype>LOGDT020</logicalDatatype>
<ownDataTypeParameters>,,</ownDataTypeParameters>
</Attribute>
<Attribute name="fecha" id="8401AA6A-2793-8AE6-64F5-51F1BA179A21">
<createdBy>marianapinedamiranda</createdBy>
<createdTime>2023-10-02 02:01:11 UTC</createdTime>
<ownerDesignName>ProyectoSistrans</ownerDesignName>
<engineerTo>
<item key="B872552E-F2C5-9C67-856B-B6431AA27ADA" value="true"/>
</engineerTo>
<nullsAllowed>true</nullsAllowed>
<useDomainConstraints>false</useDomainConstraints>
<use>1</use>
<logicalDatatype>LOGDT007</logicalDatatype>
<ownDataTypeParameters>,,</ownDataTypeParameters>
</Attribute>
<Attribute name="id_servicio" id="3D21B610-956D-89AF-3492-11644B018AB0">
<createdBy>marianapinedamiranda</createdBy>
<createdTime>2023-10-02 02:01:30 UTC</createdTime>
<generatorID>A9BE220F-BE4D-C0D5-9832-A919D9D010C9</generatorID>
<ownerDesignName>ProyectoSistrans</ownerDesignName>
<engineerTo>
<item key="B872552E-F2C5-9C67-856B-B6431AA27ADA" value="true"/>
</engineerTo>
<referedAttribute>F2A9B781-14F0-E204-F494-3D8B8282F889</referedAttribute>
<useDomainConstraints>false</useDomainConstraints>
<use>1</use>
<logicalDatatype>LOGDT011</logicalDatatype>
<ownDataTypeParameters>,,</ownDataTypeParameters>
</Attribute>
<Attribute name="id_habitacion" id="FC935306-F182-D40B-37DA-0CCEA9EFBB78">
<createdBy>marianapinedamiranda</createdBy>
<createdTime>2023-10-02 02:01:38 UTC</createdTime>
<generatorID>F53BE562-D5F3-531F-E658-93B72AE0E108</generatorID>
<ownerDesignName>ProyectoSistrans</ownerDesignName>
<engineerTo>
<item key="B872552E-F2C5-9C67-856B-B6431AA27ADA" value="true"/>
</engineerTo>
<referedAttribute>68B62C9C-0650-4E0A-641B-6EF7B74B85BE</referedAttribute>
<useDomainConstraints>false</useDomainConstraints>
<use>1</use>
<logicalDatatype>LOGDT011</logicalDatatype>
<ownDataTypeParameters>,,</ownDataTypeParameters>
</Attribute>
</attributes>
<identifiers itemClass="oracle.dbtools.crest.model.design.logical.CandidateKey">
<identifier id="DDD853C4-E767-9D9D-2030-E2FCB13BA586" name="Consumo PK">
<createdBy>marianapinedamiranda</createdBy>
<createdTime>2023-10-02 02:01:30 UTC</createdTime>
<ownerDesignName>ProyectoSistrans</ownerDesignName>
<engineerTo>
<item key="B872552E-F2C5-9C67-856B-B6431AA27ADA" value="true"/>
</engineerTo>
<pk>true</pk>
<usedAttributes>
<attributeRef>3D21B610-956D-89AF-3492-11644B018AB0</attributeRef>
<attributeRef>FC935306-F182-D40B-37DA-0CCEA9EFBB78</attributeRef>
</usedAttributes>
</identifier>
</identifiers>
</Entity>