<?xml version = '1.0' encoding = 'UTF-8'?>
<Entity class="oracle.dbtools.crest.model.design.logical.Entity" directorySegmentName="seg_0" id="7A20E094-705E-3906-156F-7CC394D24AC7" name="Prod_Super">
<createdBy>manul</createdBy>
<createdTime>2023-09-16 17:52:49 UTC</createdTime>
<ownerDesignName>ProyectoSistrans</ownerDesignName>
<engineerTo>
<item key="82F0D14C-A1B7-645C-BBB9-1465A43CBB28" value="true"/>
</engineerTo>
<adequatelyNormalized>NO</adequatelyNormalized>
<expectedVolumes>0</expectedVolumes>
<fwdEngineeringStrategyName>Single Table</fwdEngineeringStrategyName>
<growthPercent>0</growthPercent>
<growthType>Year</growthType>
<maxVolumes>9999999</maxVolumes>
<minVolumes>0</minVolumes>
<normalForm>Third</normalForm>
<attributes itemClass="oracle.dbtools.crest.model.design.logical.Attribute">
<Attribute name="nombre" id="BB6D5C53-25CF-1087-989F-5FBC9704BAFF">
<createdBy>manul</createdBy>
<createdTime>2023-09-16 17:52:54 UTC</createdTime>
<ownerDesignName>ProyectoSistrans</ownerDesignName>
<engineerTo>
<item key="82F0D14C-A1B7-645C-BBB9-1465A43CBB28" value="true"/>
</engineerTo>
<useDomainConstraints>false</useDomainConstraints>
<use>1</use>
<logicalDatatype>A3A3C77D-0366-9768-FF89-1C25E56881C8</logicalDatatype>
<ownDataTypeParameters>,,</ownDataTypeParameters>
</Attribute>
<Attribute name="costo" id="F541DF83-83C2-A4D5-14E9-03972684873C">
<createdBy>manul</createdBy>
<createdTime>2023-09-16 17:53:10 UTC</createdTime>
<ownerDesignName>ProyectoSistrans</ownerDesignName>
<engineerTo>
<item key="82F0D14C-A1B7-645C-BBB9-1465A43CBB28" value="true"/>
</engineerTo>
<useDomainConstraints>false</useDomainConstraints>
<use>1</use>
<logicalDatatype>LOGDT020</logicalDatatype>
<ownDataTypeParameters>,,</ownDataTypeParameters>
</Attribute>
<Attribute name="id_servicio" id="F6FF5A1A-0FBD-A922-0EC5-6B032677D5AA">
<createdBy>marianapinedamiranda</createdBy>
<createdTime>2023-10-01 02:34:28 UTC</createdTime>
<generatorID>A86E303C-A6E6-A4B6-2C57-57125EBF9AD0</generatorID>
<ownerDesignName>ProyectoSistrans</ownerDesignName>
<engineerTo>
<item key="82F0D14C-A1B7-645C-BBB9-1465A43CBB28" value="true"/>
</engineerTo>
<referedAttribute>F2A9B781-14F0-E204-F494-3D8B8282F889</referedAttribute>
<useDomainConstraints>false</useDomainConstraints>
<use>1</use>
<logicalDatatype>LOGDT011</logicalDatatype>
<ownDataTypeParameters>,,</ownDataTypeParameters>
</Attribute>
<Attribute name="id" id="838197E8-665B-9BFC-8F08-70B42EC6103D">
<createdBy>marianapinedamiranda</createdBy>
<createdTime>2023-10-02 01:26:03 UTC</createdTime>
<ownerDesignName>ProyectoSistrans</ownerDesignName>
<engineerTo>
<item key="82F0D14C-A1B7-645C-BBB9-1465A43CBB28" value="true"/>
</engineerTo>
<useDomainConstraints>false</useDomainConstraints>
<use>1</use>
<logicalDatatype>LOGDT011</logicalDatatype>
<ownDataTypeParameters>,,</ownDataTypeParameters>
</Attribute>
</attributes>
<identifiers itemClass="oracle.dbtools.crest.model.design.logical.CandidateKey">
<identifier id="7EA1991F-B77C-500C-4AFD-54234B434E9A" name="Producto PK">
<createdBy>manul</createdBy>
<createdTime>2023-09-16 17:53:08 UTC</createdTime>
<ownerDesignName>ProyectoSistrans</ownerDesignName>
<shouldEngineer>false</shouldEngineer>
<engineerTo>
<item key="82F0D14C-A1B7-645C-BBB9-1465A43CBB28" value="false"/>
</engineerTo>
<pk>true</pk>
<newElementsIDs>838197E8-665B-9BFC-8F08-70B42EC6103D</newElementsIDs>
<usedAttributes>
<attributeRef>838197E8-665B-9BFC-8F08-70B42EC6103D</attributeRef>
</usedAttributes>
</identifier>
</identifiers>
</Entity>