<?xml version = '1.0' encoding = 'UTF-8'?>
<Entity class="oracle.dbtools.crest.model.design.logical.Entity" directorySegmentName="seg_0" id="80CF8124-6D41-A214-8219-ED19EC5CCB11" name="Planes">
<createdBy>manul</createdBy>
<createdTime>2023-09-16 16:35:48 UTC</createdTime>
<ownerDesignName>ProyectoSistrans</ownerDesignName>
<engineerTo>
<item key="B872552E-F2C5-9C67-856B-B6431AA27ADA" value="true"/>
</engineerTo>
<adequatelyNormalized>NO</adequatelyNormalized>
<expectedVolumes>0</expectedVolumes>
<fwdEngineeringStrategyName>Single Table</fwdEngineeringStrategyName>
<growthPercent>0</growthPercent>
<growthType>Year</growthType>
<maxVolumes>9999999</maxVolumes>
<minVolumes>0</minVolumes>
<normalForm>Third</normalForm>
<attributes itemClass="oracle.dbtools.crest.model.design.logical.Attribute">
<Attribute name="plan" id="1D9D9F92-F1B0-AE50-EE07-D512B0184399">
<createdBy>manul</createdBy>
<createdTime>2023-09-16 16:35:55 UTC</createdTime>
<ownerDesignName>ProyectoSistrans</ownerDesignName>
<engineerTo>
<item key="B872552E-F2C5-9C67-856B-B6431AA27ADA" value="true"/>
</engineerTo>
<useDomainConstraints>false</useDomainConstraints>
<use>1</use>
<logicalDatatype>A3A3C77D-0366-9768-FF89-1C25E56881C8</logicalDatatype>
<ownDataTypeParameters>,,</ownDataTypeParameters>
</Attribute>
<Attribute name="id" id="6988F087-F712-0E4F-D10A-D5E6A842465B">
<createdBy>marianapinedamiranda</createdBy>
<createdTime>2023-10-02 02:16:11 UTC</createdTime>
<ownerDesignName>ProyectoSistrans</ownerDesignName>
<engineerTo>
<item key="B872552E-F2C5-9C67-856B-B6431AA27ADA" value="true"/>
</engineerTo>
<useDomainConstraints>false</useDomainConstraints>
<use>1</use>
<logicalDatatype>LOGDT024</logicalDatatype>
<dataTypeSize>20</dataTypeSize>
<ownDataTypeParameters>20,,</ownDataTypeParameters>
</Attribute>
</attributes>
<identifiers itemClass="oracle.dbtools.crest.model.design.logical.CandidateKey">
<identifier id="1F559ABB-6ED7-AC06-6CCA-F20218C1F8F0" name="Plan PK">
<createdBy>manul</createdBy>
<createdTime>2023-09-16 16:36:17 UTC</createdTime>
<ownerDesignName>ProyectoSistrans</ownerDesignName>
<engineerTo>
<item key="B872552E-F2C5-9C67-856B-B6431AA27ADA" value="true"/>
</engineerTo>
<pk>true</pk>
<newElementsIDs>6988F087-F712-0E4F-D10A-D5E6A842465B</newElementsIDs>
<usedAttributes>
<attributeRef>6988F087-F712-0E4F-D10A-D5E6A842465B</attributeRef>
</usedAttributes>
</identifier>
</identifiers>
</Entity>