<?xml version = '1.0' encoding = 'UTF-8'?>
<Entity class="oracle.dbtools.crest.model.design.logical.Entity" directorySegmentName="seg_0" id="C536580D-7AD8-F26B-19CD-96B2DDAC7ED9" name="Usuarios">
<createdBy>manul</createdBy>
<createdTime>2023-09-16 17:57:20 UTC</createdTime>
<ownerDesignName>ProyectoSistrans</ownerDesignName>
<engineerTo>
<item key="B872552E-F2C5-9C67-856B-B6431AA27ADA" value="true"/>
</engineerTo>
<adequatelyNormalized>NO</adequatelyNormalized>
<expectedVolumes>0</expectedVolumes>
<fwdEngineeringStrategyName>Single Table</fwdEngineeringStrategyName>
<growthPercent>0</growthPercent>
<growthType>Year</growthType>
<maxVolumes>9999999</maxVolumes>
<minVolumes>0</minVolumes>
<normalForm>Third</normalForm>
<attributes itemClass="oracle.dbtools.crest.model.design.logical.Attribute">
<Attribute name="id" id="152B75A3-1F13-3E89-1374-4E2A00AFC955">
<createdBy>marianapinedamiranda</createdBy>
<createdTime>2023-10-02 02:02:25 UTC</createdTime>
<ownerDesignName>ProyectoSistrans</ownerDesignName>
<engineerTo>
<item key="B872552E-F2C5-9C67-856B-B6431AA27ADA" value="true"/>
</engineerTo>
<useDomainConstraints>false</useDomainConstraints>
<use>1</use>
<logicalDatatype>LOGDT011</logicalDatatype>
<ownDataTypeParameters>,,</ownDataTypeParameters>
</Attribute>
<Attribute name="nombre" id="1F83629D-C254-86FF-2A5A-F2CE93AA2426">
<createdBy>manul</createdBy>
<createdTime>2023-09-16 18:00:49 UTC</createdTime>
<generatorID>66FB6A31-6B5F-57FB-C339-BB6C592302FA</generatorID>
<ownerDesignName>ProyectoSistrans</ownerDesignName>
<engineerTo>
<item key="B872552E-F2C5-9C67-856B-B6431AA27ADA" value="true"/>
</engineerTo>
<referedAttribute>F120C7B1-10E8-6EA4-D8E7-5843E488E8FB</referedAttribute>
<useDomainConstraints>false</useDomainConstraints>
<use>1</use>
<logicalDatatype>A3A3C77D-0366-9768-FF89-1C25E56881C8</logicalDatatype>
<ownDataTypeParameters>,,</ownDataTypeParameters>
</Attribute>
<Attribute name="tipoDocumento" id="DDE0570E-50DD-95BD-DE99-47AC6ADB0EAA">
<createdBy>manul</createdBy>
<createdTime>2023-09-16 17:57:33 UTC</createdTime>
<ownerDesignName>ProyectoSistrans</ownerDesignName>
<engineerTo>
<item key="B872552E-F2C5-9C67-856B-B6431AA27ADA" value="true"/>
</engineerTo>
<useDomainConstraints>false</useDomainConstraints>
<use>1</use>
<logicalDatatype>LOGDT024</logicalDatatype>
<dataTypeSize>3</dataTypeSize>
<ownDataTypeParameters>3,,</ownDataTypeParameters>
</Attribute>
<Attribute name="correoElectronico" id="EEAB7FED-555E-2597-E9AC-528030BD8DF6">
<createdBy>manul</createdBy>
<createdTime>2023-09-16 17:57:42 UTC</createdTime>
<ownerDesignName>ProyectoSistrans</ownerDesignName>
<engineerTo>
<item key="B872552E-F2C5-9C67-856B-B6431AA27ADA" value="true"/>
</engineerTo>
<useDomainConstraints>false</useDomainConstraints>
<use>1</use>
<logicalDatatype>LOGDT024</logicalDatatype>
<dataTypeSize>20</dataTypeSize>
<ownDataTypeParameters>20,,</ownDataTypeParameters>
</Attribute>
</attributes>
<identifiers itemClass="oracle.dbtools.crest.model.design.logical.CandidateKey">
<identifier id="78717968-0D87-E83F-1816-58065FE99DED" name="Usuario PK">
<createdBy>marianapinedamiranda</createdBy>
<createdTime>2023-10-02 02:03:29 UTC</createdTime>
<ownerDesignName>ProyectoSistrans</ownerDesignName>
<engineerTo>
<item key="B872552E-F2C5-9C67-856B-B6431AA27ADA" value="true"/>
</engineerTo>
<pk>true</pk>
<usedAttributes>
<attributeRef>152B75A3-1F13-3E89-1374-4E2A00AFC955</attributeRef>
</usedAttributes>
</identifier>
</identifiers>
</Entity>