<?xml version = '1.0' encoding = 'UTF-8'?>
<Entity class="oracle.dbtools.crest.model.design.logical.Entity" directorySegmentName="seg_0" id="C5A636AB-22A2-A820-8B21-4AB9F340D036" name="Reservas">
<createdBy>manul</createdBy>
<createdTime>2023-09-16 16:33:55 UTC</createdTime>
<ownerDesignName>ProyectoSistrans</ownerDesignName>
<engineerTo>
<item key="A180E857-93B0-1751-BB84-BFABD2383441" value="true"/>
</engineerTo>
<adequatelyNormalized>NO</adequatelyNormalized>
<expectedVolumes>0</expectedVolumes>
<fwdEngineeringStrategyName>Single Table</fwdEngineeringStrategyName>
<growthPercent>0</growthPercent>
<growthType>Year</growthType>
<maxVolumes>9999999</maxVolumes>
<minVolumes>0</minVolumes>
<normalForm>Third</normalForm>
<attributes itemClass="oracle.dbtools.crest.model.design.logical.Attribute">
<Attribute name="fecha_entrada" id="A4B42831-F385-2A9D-DD64-89AC76BA262E">
<createdBy>manul</createdBy>
<createdTime>2023-09-16 16:34:07 UTC</createdTime>
<ownerDesignName>ProyectoSistrans</ownerDesignName>
<engineerTo>
<item key="A180E857-93B0-1751-BB84-BFABD2383441" value="true"/>
</engineerTo>
<useDomainConstraints>false</useDomainConstraints>
<use>1</use>
<logicalDatatype>A3A3C77D-0366-9768-FF89-1C25E56881C8</logicalDatatype>
<ownDataTypeParameters>,,</ownDataTypeParameters>
</Attribute>
<Attribute name="tipo" id="FF1052B2-42E9-D8FC-F3A8-F70E4F443C9A">
<createdBy>manul</createdBy>
<createdTime>2023-09-16 16:34:23 UTC</createdTime>
<ownerDesignName>ProyectoSistrans</ownerDesignName>
<engineerTo>
<item key="A180E857-93B0-1751-BB84-BFABD2383441" value="true"/>
</engineerTo>
<useDomainConstraints>false</useDomainConstraints>
<use>1</use>
<logicalDatatype>A3A3C77D-0366-9768-FF89-1C25E56881C8</logicalDatatype>
<ownDataTypeParameters>,,</ownDataTypeParameters>
</Attribute>
<Attribute name="fecha_salida" id="3153E065-C517-F6D0-9E41-5B32A243D0C2">
<createdBy>manul</createdBy>
<createdTime>2023-09-16 16:34:30 UTC</createdTime>
<ownerDesignName>ProyectoSistrans</ownerDesignName>
<engineerTo>
<item key="A180E857-93B0-1751-BB84-BFABD2383441" value="true"/>
</engineerTo>
<useDomainConstraints>false</useDomainConstraints>
<use>1</use>
<logicalDatatype>A3A3C77D-0366-9768-FF89-1C25E56881C8</logicalDatatype>
<ownDataTypeParameters>,,</ownDataTypeParameters>
</Attribute>
<Attribute name="responsable" id="6315A63A-B109-9190-58DF-E45C6F33D876">
<createdBy>manul</createdBy>
<createdTime>2023-09-16 16:35:21 UTC</createdTime>
<ownerDesignName>ProyectoSistrans</ownerDesignName>
<engineerTo>
<item key="A180E857-93B0-1751-BB84-BFABD2383441" value="true"/>
</engineerTo>
<nullsAllowed>true</nullsAllowed>
<useDomainConstraints>false</useDomainConstraints>
<use>1</use>
<logicalDatatype>A3A3C77D-0366-9768-FF89-1C25E56881C8</logicalDatatype>
<ownDataTypeParameters>,,</ownDataTypeParameters>
</Attribute>
<Attribute name="nombre" id="42E40F77-73EE-DC4C-05EF-F7ABCD7B76AB">
<createdBy>manul</createdBy>
<createdTime>2023-09-16 16:41:53 UTC</createdTime>
<generatorID>44450ECE-988E-724B-3832-4155B9F0FA30</generatorID>
<ownerDesignName>ProyectoSistrans</ownerDesignName>
<engineerTo>
<item key="A180E857-93B0-1751-BB84-BFABD2383441" value="true"/>
</engineerTo>
<referedAttribute>F120C7B1-10E8-6EA4-D8E7-5843E488E8FB</referedAttribute>
<useDomainConstraints>false</useDomainConstraints>
<use>1</use>
<logicalDatatype>A3A3C77D-0366-9768-FF89-1C25E56881C8</logicalDatatype>
<ownDataTypeParameters>,,</ownDataTypeParameters>
</Attribute>
<Attribute name="id" id="20059210-6213-BDB0-118A-45CE2144AF17">
<createdBy>manul</createdBy>
<createdTime>2023-09-16 17:05:03 UTC</createdTime>
<ownerDesignName>ProyectoSistrans</ownerDesignName>
<engineerTo>
<item key="A180E857-93B0-1751-BB84-BFABD2383441" value="true"/>
</engineerTo>
<useDomainConstraints>false</useDomainConstraints>
<use>1</use>
<logicalDatatype>LOGDT011</logicalDatatype>
<ownDataTypeParameters>,,</ownDataTypeParameters>
</Attribute>
<Attribute name="id_checkin" id="78359D89-66D6-E379-394E-BAD32AF66A42">
<createdBy>marianapinedamiranda</createdBy>
<createdTime>2023-10-02 01:34:46 UTC</createdTime>
<generatorID>EC4CFB2A-2E12-50FA-7730-457FFD825534</generatorID>
<ownerDesignName>ProyectoSistrans</ownerDesignName>
<engineerTo>
<item key="A180E857-93B0-1751-BB84-BFABD2383441" value="true"/>
</engineerTo>
<referedAttribute>75C9850B-BBD1-9BD6-FB6E-D11EA9C63486</referedAttribute>
<useDomainConstraints>false</useDomainConstraints>
<use>1</use>
<logicalDatatype>LOGDT011</logicalDatatype>
<ownDataTypeParameters>,,</ownDataTypeParameters>
</Attribute>
<Attribute name="id_checkout" id="9BFAAEB3-66E5-B53A-E11F-49BAACA683FD">
<createdBy>marianapinedamiranda</createdBy>
<createdTime>2023-10-02 01:35:28 UTC</createdTime>
<generatorID>F6D20008-340E-3D1A-B21D-A6EA7E7A33DF</generatorID>
<ownerDesignName>ProyectoSistrans</ownerDesignName>
<engineerTo>
<item key="A180E857-93B0-1751-BB84-BFABD2383441" value="true"/>
</engineerTo>
<referedAttribute>5C680E10-EF70-4C94-51C7-049826E31E9A</referedAttribute>
<useDomainConstraints>false</useDomainConstraints>
<use>1</use>
<logicalDatatype>LOGDT011</logicalDatatype>
<ownDataTypeParameters>,,</ownDataTypeParameters>
</Attribute>
<Attribute name="id1" id="AEF1D147-6D3B-9915-CA49-0B07ED0A6B64">
<createdBy>marianapinedamiranda</createdBy>
<createdTime>2023-10-02 02:16:26 UTC</createdTime>
<generatorID>F74CAEA9-163B-DD4F-842C-0D85C2424517</generatorID>
<ownerDesignName>ProyectoSistrans</ownerDesignName>
<engineerTo>
<item key="A180E857-93B0-1751-BB84-BFABD2383441" value="true"/>
</engineerTo>
<referedAttribute>6988F087-F712-0E4F-D10A-D5E6A842465B</referedAttribute>
<useDomainConstraints>false</useDomainConstraints>
<use>1</use>
<logicalDatatype>LOGDT024</logicalDatatype>
<dataTypeSize>20</dataTypeSize>
<ownDataTypeParameters>,,</ownDataTypeParameters>
</Attribute>
<Attribute name="id2" id="084D9B5E-491C-90C7-E09C-818D28986080">
<createdBy>marianapinedamiranda</createdBy>
<createdTime>2023-10-02 02:22:26 UTC</createdTime>
<generatorID>C1998703-9005-CDA9-E82D-B97E290977AC</generatorID>
<ownerDesignName>ProyectoSistrans</ownerDesignName>
<engineerTo>
<item key="A180E857-93B0-1751-BB84-BFABD2383441" value="true"/>
</engineerTo>
<referedAttribute>152B75A3-1F13-3E89-1374-4E2A00AFC955</referedAttribute>
<useDomainConstraints>false</useDomainConstraints>
<use>1</use>
<logicalDatatype>LOGDT011</logicalDatatype>
<ownDataTypeParameters>,,</ownDataTypeParameters>
</Attribute>
<Attribute name="cantidadPersonas" id="BFE31256-8967-1F35-C55E-74FA89C5E873">
<createdBy>marianapinedamiranda</createdBy>
<createdTime>2023-10-02 02:22:53 UTC</createdTime>
<ownerDesignName>ProyectoSistrans</ownerDesignName>
<engineerTo>
<item key="A180E857-93B0-1751-BB84-BFABD2383441" value="true"/>
</engineerTo>
<nullsAllowed>true</nullsAllowed>
<useDomainConstraints>false</useDomainConstraints>
<use>1</use>
<logicalDatatype>LOGDT011</logicalDatatype>
<ownDataTypeParameters>,,</ownDataTypeParameters>
</Attribute>
</attributes>
<identifiers itemClass="oracle.dbtools.crest.model.design.logical.CandidateKey">
<identifier id="A999F033-63B1-F6E3-0440-C3EFE48D1D55" name="Reserva PK">
<createdBy>manul</createdBy>
<createdTime>2023-09-16 16:36:56 UTC</createdTime>
<ownerDesignName>ProyectoSistrans</ownerDesignName>
<engineerTo>
<item key="A180E857-93B0-1751-BB84-BFABD2383441" value="true"/>
</engineerTo>
<pk>true</pk>
<usedAttributes>
<attributeRef>20059210-6213-BDB0-118A-45CE2144AF17</attributeRef>
</usedAttributes>
</identifier>
</identifiers>
</Entity>