<?xml version = '1.0' encoding = 'UTF-8'?>
<relationalModel class="oracle.dbtools.crest.model.design.relational.RelationalDesign" name="Relational_1" id="82CC34CA-C37C-E843-4DD6-290B028419F7" mainViewID="26C8B6F7-13C2-1C02-AED5-CE6D0FB44F9D">
<createdBy>marianapinedamiranda</createdBy>
<createdTime>2023-10-02 03:06:28 UTC</createdTime>
<ownerDesignName>ProyectoSistrans</ownerDesignName>
<shouldBeOpen>false</shouldBeOpen>
<selectedRDBMSSite>32076570-2523-435C-2E92-BF29817DFF70</selectedRDBMSSite>
</relationalModel>