<?xml version = '1.0' encoding = 'UTF-8'?>
<relationalModel class="oracle.dbtools.crest.model.design.relational.RelationalDesign" name="Relational_1" id="82F0D14C-A1B7-645C-BBB9-1465A43CBB28" mainViewID="DACF9ED2-C22C-800F-8367-255D1F118176">
<createdBy>marianapinedamiranda</createdBy>
<createdTime>2023-10-02 02:48:04 UTC</createdTime>
<ownerDesignName>ProyectoSistrans</ownerDesignName>
<shouldBeOpen>false</shouldBeOpen>
<selectedRDBMSSite>32076570-2523-435C-2E92-BF29817DFF70</selectedRDBMSSite>
</relationalModel>