<?xml version = '1.0' encoding = 'UTF-8'?>
<FKArc class="oracle.dbtools.crest.model.design.relational.FKArc" directorySegmentName="seg_0" id="2B06653A-9FF4-658B-95DE-8BCD3B6197FB" name="FKArc_2">
<createdBy>marianapinedamiranda</createdBy>
<createdTime>2023-10-02 02:52:30 UTC</createdTime>
<ownerDesignName>ProyectoSistrans</ownerDesignName>
<mandatory>false</mandatory>
<reverseArc>true</reverseArc>
<table>E2775496-867F-0480-50AA-CAC60DD876D9</table>
<fkeys>
<fkeyID>8BA44886-D926-80E1-A27C-F95B563D2983</fkeyID>
<fkeyID>BF15DF00-083D-FBB1-3220-4045E1D7D370</fkeyID>
</fkeys>
</FKArc>