<?xml version = '1.0' encoding = 'UTF-8'?>
<FKArc class="oracle.dbtools.crest.model.design.relational.FKArc" directorySegmentName="seg_0" id="BB6144FF-3A0A-A223-3CBD-32D863A2299F" name="FKArc_1">
<createdBy>marianapinedamiranda</createdBy>
<createdTime>2023-10-02 02:52:30 UTC</createdTime>
<ownerDesignName>ProyectoSistrans</ownerDesignName>
<mandatory>false</mandatory>
<reverseArc>true</reverseArc>
<table>5199ADCC-92D2-13BE-DA15-5EA6F46FAC4C</table>
<fkeys>
<fkeyID>9996B483-0DFD-DDC2-8DE7-07D5F6037282</fkeyID>
<fkeyID>F2834495-CEDC-6EDD-93B6-B0972C1574F6</fkeyID>
<fkeyID>60DD6700-A298-509A-9915-F9758408EC49</fkeyID>
<fkeyID>5F7F0CAB-C1D7-C4CC-DAF4-A4965567EC83</fkeyID>
<fkeyID>BFDA0E70-DE8E-CBBF-A9C0-3B1D90579C38</fkeyID>
<fkeyID>78C93A9D-9A6E-41A1-458E-B1DD1D0963FE</fkeyID>
<fkeyID>EDA10C0C-F458-FC29-F566-EFD06407A98F</fkeyID>
<fkeyID>215E576E-0A3B-BDE9-C001-DDD06AF31F3D</fkeyID>
<fkeyID>40176A6D-89BD-172A-E87A-EBC1893EAC2B</fkeyID>
<fkeyID>EA5AFA5C-10B5-FE62-EF9A-D8C37839D43C</fkeyID>
<fkeyID>4A63F859-88F8-DA80-6F79-0BD3D3A34ACE</fkeyID>
<fkeyID>4450AD39-CA0E-4C97-A632-7538938FCCB8</fkeyID>
</fkeys>
</FKArc>