<?xml version = '1.0' encoding = 'UTF-8'?>
<Diagram class="oracle.dbtools.crest.swingui.relational.DPVRelational" name="Relational_1" id="DACF9ED2-C22C-800F-8367-255D1F118176">
<createdBy>marianapinedamiranda</createdBy>
<modifiedBy>marianapinedamiranda</modifiedBy>
<createdTime>2023-10-02 02:48:04 UTC</createdTime>
<autoRoute>false</autoRoute>
<boxInbox>true</boxInbox>
<showLegend>false</showLegend>
<showLabels>false</showLabels>
<showRelAttributes>false</showRelAttributes>
<gridEnabled>false</gridEnabled>
<showGrid>false</showGrid>
<diagramColor>-1</diagramColor>
<display>false</display>
<notation>1</notation>
<objectViews>
<OView class="oracle.dbtools.crest.swingui.relational.TVTable" oid="035AA452-C53D-0BE0-B4DC-81038BE2B392" otype="Table" vid="688CEECE-71B5-432B-C535-DAA947E2D542">
<hideElementsInCurrentOnly>false</hideElementsInCurrentOnly>
<bounds x="268" y="395" width="117" height="70"/>
</OView>
<OView class="oracle.dbtools.crest.swingui.relational.TVTable" oid="03B72DCB-3BE4-936F-7F63-E0C84AFF1F1B" otype="Table" vid="15512DE0-FFDC-6E33-EC22-2E8DF1F5BF3C">
<hideElementsInCurrentOnly>false</hideElementsInCurrentOnly>
<bounds x="496" y="309" width="156" height="63"/>
</OView>
<OView class="oracle.dbtools.crest.swingui.relational.TVTable" oid="09654062-A276-D7F9-DC74-0A2A5B1748E1" otype="Table" vid="C4D49C7E-D5D8-0A60-D132-87ADDDC7D718">
<hideElementsInCurrentOnly>false</hideElementsInCurrentOnly>
<bounds x="753" y="322" width="96" height="38"/>
</OView>
<OView class="oracle.dbtools.crest.swingui.relational.TVTable" oid="1E73CE4C-391B-3C1B-BC36-FF7DA57A0A98" otype="Table" vid="28224786-2D3A-95B6-777C-45AD7B95731C">
<hideElementsInCurrentOnly>false</hideElementsInCurrentOnly>
<bounds x="232" y="142" width="81" height="64"/>
</OView>
<OView class="oracle.dbtools.crest.swingui.relational.TVTable" oid="23EC475B-BA9D-ED1A-B673-5982DF99DFD4" otype="Table" vid="6798BDCF-193B-A345-CF6F-78F05E024A2D">
<hideElementsInCurrentOnly>false</hideElementsInCurrentOnly>
<bounds x="496" y="445" width="144" height="60"/>
</OView>
<OView class="oracle.dbtools.crest.swingui.relational.TVTable" oid="3CB94065-2E56-A493-F09E-D76D50C25EF5" otype="Table" vid="A8C5D0AD-F675-E3C8-BDA6-00FF83FF458D">
<hideElementsInCurrentOnly>false</hideElementsInCurrentOnly>
<bounds x="495" y="377" width="146" height="61"/>
</OView>
<OView class="oracle.dbtools.crest.swingui.relational.TVTable" oid="4D1B7BE1-3AB7-F765-6098-5DC5B7985212" otype="Table" vid="BD8D62CE-0165-35A9-E15C-8DF0FDA91737">
<hideElementsInCurrentOnly>false</hideElementsInCurrentOnly>
<bounds x="893" y="457" width="83" height="40"/>
</OView>
<OView class="oracle.dbtools.crest.swingui.relational.TVTable" oid="4E58F0AC-13BB-CB97-6478-E706535CE32C" otype="Table" vid="F943BDF0-05AF-7D92-2038-DE78038839A7">
<hideElementsInCurrentOnly>false</hideElementsInCurrentOnly>
<bounds x="761" y="581" width="110" height="72"/>
</OView>
<OView class="oracle.dbtools.crest.swingui.relational.TVTable" oid="511D0AA9-A6D0-1DAC-02A3-A2C30CF41C99" otype="Table" vid="C7EEFF34-E995-26A5-DAE6-9D13B19EB63B">
<hideElementsInCurrentOnly>false</hideElementsInCurrentOnly>
<bounds x="879" y="386" width="97" height="65"/>
</OView>
<OView class="oracle.dbtools.crest.swingui.relational.TVTable" oid="5199ADCC-92D2-13BE-DA15-5EA6F46FAC4C" otype="Table" vid="94094B29-86C0-B2C2-47B0-50FA20FBF007">
<hideElementsInCurrentOnly>false</hideElementsInCurrentOnly>
<bounds x="751" y="205" width="239" height="479"/>
</OView>
<OView class="oracle.dbtools.crest.swingui.relational.TVTable" oid="59D1AE05-3FDF-804C-B66D-0867E6BE6784" otype="Table" vid="239AA391-D64D-B422-75D8-86129DE40749">
<hideElementsInCurrentOnly>false</hideElementsInCurrentOnly>
<bounds x="626" y="96" width="96" height="67"/>
</OView>
<OView class="oracle.dbtools.crest.swingui.relational.TVTable" oid="59E27968-8E24-B05A-FDEA-49EBD1236910" otype="Table" vid="37A2158F-EBAB-2971-2BDE-1BACEA8C21E4">
<hideElementsInCurrentOnly>false</hideElementsInCurrentOnly>
<bounds x="767" y="498" width="95" height="69"/>
</OView>
<OView class="oracle.dbtools.crest.swingui.relational.TVTable" oid="627FE939-E10C-2711-1B7A-84B9ADE15791" otype="Table" vid="4CE36CA4-B0CA-7358-9077-07EE3DD92EF1">
<hideElementsInCurrentOnly>false</hideElementsInCurrentOnly>
<bounds x="514" y="229" width="86" height="72"/>
</OView>
<OView class="oracle.dbtools.crest.swingui.relational.TVTable" oid="75F95BB6-AFC3-8A58-E4EF-1BFC3E5538B4" otype="Table" vid="7F9009C6-28E8-A9C9-D10A-663BC11FAFEC">
<hideElementsInCurrentOnly>false</hideElementsInCurrentOnly>
<bounds x="140" y="395" width="119" height="102"/>
</OView>
<OView class="oracle.dbtools.crest.swingui.relational.TVTable" oid="78104B1E-EBB1-60FB-925F-4C9BAC2D79AD" otype="Table" vid="5230E419-5CAB-48C2-785D-AF969135B18F">
<hideElementsInCurrentOnly>false</hideElementsInCurrentOnly>
<bounds x="869" y="292" width="111" height="83"/>
</OView>
<OView class="oracle.dbtools.crest.swingui.relational.TVTable" oid="7A0FD945-FDCA-236F-1FB8-DFFF151CF8B4" otype="Table" vid="DA767025-F4B8-ABE2-A5F2-EB741E13A9A4">
<hideElementsInCurrentOnly>false</hideElementsInCurrentOnly>
<bounds x="881" y="244" width="89" height="40"/>
</OView>
<OView class="oracle.dbtools.crest.swingui.relational.TVTable" oid="950C0645-13E7-2816-E7E1-EB38FB1536AC" otype="Table" vid="5BAC79DF-D158-3179-C876-D90F461B49C8">
<hideElementsInCurrentOnly>false</hideElementsInCurrentOnly>
<bounds x="488" y="32" width="96" height="77"/>
</OView>
<OView class="oracle.dbtools.crest.swingui.relational.TVTable" oid="A34508A6-6162-DD08-FF43-C3D1343F5C22" otype="Table" vid="8EC6F0E1-9279-4D96-3D23-CC7E77268996">
<hideElementsInCurrentOnly>false</hideElementsInCurrentOnly>
<bounds x="831" y="88" width="115" height="75"/>
</OView>
<OView class="oracle.dbtools.crest.swingui.relational.TVTable" oid="BA01A582-9A7A-7F2F-2EE0-3CFD5ABA6164" otype="Table" vid="0D413FEC-EDBC-9FA2-1D2D-97D7664AE955">
<hideElementsInCurrentOnly>false</hideElementsInCurrentOnly>
<bounds x="886" y="602" width="94" height="63"/>
</OView>
<OView class="oracle.dbtools.crest.swingui.relational.TVTable" oid="C6E4DD39-048C-2C83-A49F-D1E75F8D9032" otype="Table" vid="570904D8-1E9D-2304-97E2-7890E5EB2170">
<hideElementsInCurrentOnly>false</hideElementsInCurrentOnly>
<bounds x="877" y="508" width="103" height="91"/>
</OView>
<OView class="oracle.dbtools.crest.swingui.relational.TVTable" oid="C8216347-7BF8-7B68-634C-ABF6A23C42C1" otype="Table" vid="1A17D664-2B5F-6E79-5994-90281CFD512E">
<hideElementsInCurrentOnly>false</hideElementsInCurrentOnly>
<bounds x="761" y="248" width="107" height="64"/>
</OView>
<OView class="oracle.dbtools.crest.swingui.relational.TVTable" oid="CBE8A453-9B8D-3C38-D876-D0C7317FE97E" otype="Table" vid="DA2C8AE2-D17F-06DA-8BA6-489D3C9081FC">
<hideElementsInCurrentOnly>false</hideElementsInCurrentOnly>
<bounds x="761" y="416" width="108" height="70"/>
</OView>
<OView class="oracle.dbtools.crest.swingui.relational.TVTable" oid="D77E7BD4-8295-AFA4-B071-6ECF8B2937C7" otype="Table" vid="C6717F51-EF9F-52B7-056E-07D6FF642937">
<hideElementsInCurrentOnly>false</hideElementsInCurrentOnly>
<bounds x="763" y="368" width="82" height="38"/>
</OView>
<OView class="oracle.dbtools.crest.swingui.relational.TVTable" oid="DCA15244-537E-1EA8-75CB-66942EE0BA67" otype="Table" vid="3A43D520-48A7-A6DA-CC79-5651207A0522">
<hideElementsInCurrentOnly>false</hideElementsInCurrentOnly>
<bounds x="49" y="240" width="86" height="53"/>
</OView>
<OView class="oracle.dbtools.crest.swingui.relational.TVTable" oid="DD78B3FD-4A8C-616E-9BBB-04877B08008E" otype="Table" vid="0AE3A6E8-59BD-DBBA-C7CD-E45AD3559F60">
<hideElementsInCurrentOnly>false</hideElementsInCurrentOnly>
<bounds x="239" y="45" width="100" height="73"/>
</OView>
<OView class="oracle.dbtools.crest.swingui.relational.TVTable" oid="E2775496-867F-0480-50AA-CAC60DD876D9" otype="Table" vid="A4639F41-C89F-3B64-2C10-AC464F1F5756">
<hideElementsInCurrentOnly>false</hideElementsInCurrentOnly>
<bounds x="230" y="0" width="236" height="128"/>
</OView>
<OView class="oracle.dbtools.crest.swingui.relational.TVTable" oid="E75BAC5D-8B32-FAC9-BB67-8AFA21E779AF" otype="Table" vid="9E89BF7B-1EE5-BB06-B439-95CBE058076B">
<hideElementsInCurrentOnly>false</hideElementsInCurrentOnly>
<bounds x="450" y="523" width="130" height="103"/>
</OView>
<OView class="oracle.dbtools.crest.swingui.relational.TVTable" oid="E9DE7D18-4042-2FBC-E5A1-D6136F5789AE" otype="Table" vid="FCF2719C-78F3-D855-D334-99ECD6E1BDE1">
<hideElementsInCurrentOnly>false</hideElementsInCurrentOnly>
<bounds x="349" y="43" width="98" height="49"/>
</OView>
<OView class="oracle.dbtools.crest.swingui.relational.TVTable" oid="F6D309CD-7357-6F62-42E0-4E3B9CCAE387" otype="Table" vid="84048086-F0EC-FBAB-DE57-6781F6B925AA">
<hideElementsInCurrentOnly>false</hideElementsInCurrentOnly>
<bounds x="207" y="223" width="124" height="106"/>
</OView>
</objectViews>
<connectors>
<Connector class="oracle.dbtools.crest.swingui.relational.TVFKRelation" oid="04A97C56-1C89-9773-019B-24822E8CD66D" otype="FKIndexAssociation" vid_source="28224786-2D3A-95B6-777C-45AD7B95731C" vid_target="94094B29-86C0-B2C2-47B0-50FA20FBF007">
<hideElementsInCurrentOnly>false</hideElementsInCurrentOnly>
<backgroundColor>-16777216</backgroundColor>
<lineWidth>1</lineWidth>
<points>
<point x="313" y="205"/>
<point x="751" y="205"/>
</points>
</Connector>
<Connector class="oracle.dbtools.crest.swingui.relational.TVFKRelation" oid="18FD77E1-169D-3ABF-011D-34F29D885034" otype="FKIndexAssociation" vid_source="0AE3A6E8-59BD-DBBA-C7CD-E45AD3559F60" vid_target="84048086-F0EC-FBAB-DE57-6781F6B925AA">
<hideElementsInCurrentOnly>false</hideElementsInCurrentOnly>
<backgroundColor>-16777216</backgroundColor>
<lineWidth>1</lineWidth>
<points>
<point x="285" y="118"/>
<point x="285" y="223"/>
</points>
</Connector>
<Connector class="oracle.dbtools.crest.swingui.relational.TVFKRelation" oid="211D8670-C230-530D-E8A5-FB37DC8370C7" otype="FKIndexAssociation" vid_source="28224786-2D3A-95B6-777C-45AD7B95731C" vid_target="A4639F41-C89F-3B64-2C10-AC464F1F5756">
<hideElementsInCurrentOnly>false</hideElementsInCurrentOnly>
<backgroundColor>-16777216</backgroundColor>
<lineWidth>1</lineWidth>
<points>
<point x="272" y="142"/>
<point x="272" y="128"/>
</points>
</Connector>
<Connector class="oracle.dbtools.crest.swingui.relational.TVFKRelation" oid="215E576E-0A3B-BDE9-C001-DDD06AF31F3D" otype="FKIndexAssociation" vid_source="94094B29-86C0-B2C2-47B0-50FA20FBF007" vid_target="5230E419-5CAB-48C2-785D-AF969135B18F">
<hideElementsInCurrentOnly>false</hideElementsInCurrentOnly>
<backgroundColor>-16777216</backgroundColor>
<lineWidth>1</lineWidth>
<points>
<point x="990" y="348"/>
<point x="869" y="348"/>
</points>
</Connector>
<Connector class="oracle.dbtools.crest.swingui.relational.TVFKRelation" oid="21C9E584-5273-8466-FE3B-0A684DA8C1D8" otype="FKIndexAssociation" vid_source="3A43D520-48A7-A6DA-CC79-5651207A0522" vid_target="84048086-F0EC-FBAB-DE57-6781F6B925AA">
<hideElementsInCurrentOnly>false</hideElementsInCurrentOnly>
<backgroundColor>-16777216</backgroundColor>
<lineWidth>1</lineWidth>
<points>
<point x="135" y="266"/>
<point x="207" y="266"/>
</points>
</Connector>
<Connector class="oracle.dbtools.crest.swingui.relational.TVFKRelation" oid="289B2FAB-66E3-5DD4-BB30-FBF51ACE460F" otype="FKIndexAssociation" vid_source="C4D49C7E-D5D8-0A60-D132-87ADDDC7D718" vid_target="15512DE0-FFDC-6E33-EC22-2E8DF1F5BF3C">
<hideElementsInCurrentOnly>false</hideElementsInCurrentOnly>
<backgroundColor>-16777216</backgroundColor>
<lineWidth>1</lineWidth>
<points>
<point x="753" y="341"/>
<point x="652" y="341"/>
</points>
</Connector>
<Connector class="oracle.dbtools.crest.swingui.relational.TVFKRelation" oid="369F73AA-D9BB-C432-5FC5-F76C83A103BC" otype="FKIndexAssociation" vid_source="94094B29-86C0-B2C2-47B0-50FA20FBF007" vid_target="9E89BF7B-1EE5-BB06-B439-95CBE058076B">
<hideElementsInCurrentOnly>false</hideElementsInCurrentOnly>
<backgroundColor>-16777216</backgroundColor>
<lineWidth>1</lineWidth>
<points>
<point x="751" y="589"/>
<point x="580" y="589"/>
</points>
</Connector>
<Connector class="oracle.dbtools.crest.swingui.relational.TVFKRelation" oid="40176A6D-89BD-172A-E87A-EBC1893EAC2B" otype="FKIndexAssociation" vid_source="94094B29-86C0-B2C2-47B0-50FA20FBF007" vid_target="DA767025-F4B8-ABE2-A5F2-EB741E13A9A4">
<hideElementsInCurrentOnly>false</hideElementsInCurrentOnly>
<backgroundColor>-16777216</backgroundColor>
<lineWidth>1</lineWidth>
<points>
<point x="990" y="264"/>
<point x="881" y="264"/>
</points>
</Connector>
<Connector class="oracle.dbtools.crest.swingui.relational.TVFKRelation" oid="4450AD39-CA0E-4C97-A632-7538938FCCB8" otype="FKIndexAssociation" vid_source="94094B29-86C0-B2C2-47B0-50FA20FBF007" vid_target="BD8D62CE-0165-35A9-E15C-8DF0FDA91737">
<hideElementsInCurrentOnly>false</hideElementsInCurrentOnly>
<backgroundColor>-16777216</backgroundColor>
<lineWidth>1</lineWidth>
<points>
<point x="990" y="477"/>
<point x="893" y="477"/>
</points>
</Connector>
<Connector class="oracle.dbtools.crest.swingui.relational.TVFKRelation" oid="4A63F859-88F8-DA80-6F79-0BD3D3A34ACE" otype="FKIndexAssociation" vid_source="94094B29-86C0-B2C2-47B0-50FA20FBF007" vid_target="1A17D664-2B5F-6E79-5994-90281CFD512E">
<hideElementsInCurrentOnly>false</hideElementsInCurrentOnly>
<backgroundColor>-16777216</backgroundColor>
<lineWidth>1</lineWidth>
<points>
<point x="990" y="295"/>
<point x="761" y="295"/>
</points>
</Connector>
<Connector class="oracle.dbtools.crest.swingui.relational.TVFKRelation" oid="55389119-7D73-8A91-9D40-925EA75B329B" otype="FKIndexAssociation" vid_source="0AE3A6E8-59BD-DBBA-C7CD-E45AD3559F60" vid_target="688CEECE-71B5-432B-C535-DAA947E2D542">
<hideElementsInCurrentOnly>false</hideElementsInCurrentOnly>
<backgroundColor>-16777216</backgroundColor>
<lineWidth>1</lineWidth>
<points>
<point x="318" y="118"/>
<point x="318" y="395"/>
</points>
</Connector>
<Connector class="oracle.dbtools.crest.swingui.relational.TVFKRelation" oid="5F7F0CAB-C1D7-C4CC-DAF4-A4965567EC83" otype="FKIndexAssociation" vid_source="94094B29-86C0-B2C2-47B0-50FA20FBF007" vid_target="C6717F51-EF9F-52B7-056E-07D6FF642937">
<hideElementsInCurrentOnly>false</hideElementsInCurrentOnly>
<backgroundColor>-16777216</backgroundColor>
<lineWidth>1</lineWidth>
<points>
<point x="990" y="402"/>
<point x="763" y="402"/>
</points>
</Connector>
<Connector class="oracle.dbtools.crest.swingui.relational.TVFKRelation" oid="60DD6700-A298-509A-9915-F9758408EC49" otype="FKIndexAssociation" vid_source="94094B29-86C0-B2C2-47B0-50FA20FBF007" vid_target="570904D8-1E9D-2304-97E2-7890E5EB2170">
<hideElementsInCurrentOnly>false</hideElementsInCurrentOnly>
<backgroundColor>-16777216</backgroundColor>
<lineWidth>1</lineWidth>
<points>
<point x="990" y="553"/>
<point x="877" y="553"/>
</points>
</Connector>
<Connector class="oracle.dbtools.crest.swingui.relational.TVFKRelation" oid="64CF7517-469B-33FB-3226-D57EDF080FA9" otype="FKIndexAssociation" vid_source="DA2C8AE2-D17F-06DA-8BA6-489D3C9081FC" vid_target="6798BDCF-193B-A345-CF6F-78F05E024A2D">
<hideElementsInCurrentOnly>false</hideElementsInCurrentOnly>
<backgroundColor>-16777216</backgroundColor>
<lineWidth>1</lineWidth>
<points>
<point x="761" y="480"/>
<point x="640" y="480"/>
</points>
</Connector>
<Connector class="oracle.dbtools.crest.swingui.relational.TVFKRelation" oid="660039BA-4012-C624-18F7-AB686D82501E" otype="FKIndexAssociation" vid_source="FCF2719C-78F3-D855-D334-99ECD6E1BDE1" vid_target="688CEECE-71B5-432B-C535-DAA947E2D542">
<hideElementsInCurrentOnly>false</hideElementsInCurrentOnly>
<backgroundColor>-16777216</backgroundColor>
<lineWidth>1</lineWidth>
<points>
<point x="367" y="92"/>
<point x="367" y="395"/>
</points>
</Connector>
<Connector class="oracle.dbtools.crest.swingui.relational.TVFKRelation" oid="700F27EE-2496-393B-A8D2-F9E7333CDD05" otype="FKIndexAssociation" vid_source="C6717F51-EF9F-52B7-056E-07D6FF642937" vid_target="A8C5D0AD-F675-E3C8-BDA6-00FF83FF458D">
<hideElementsInCurrentOnly>false</hideElementsInCurrentOnly>
<backgroundColor>-16777216</backgroundColor>
<lineWidth>1</lineWidth>
<points>
<point x="763" y="391"/>
<point x="641" y="391"/>
</points>
</Connector>
<Connector class="oracle.dbtools.crest.swingui.relational.TVFKRelation" oid="7432B6DC-F09F-BDCC-7831-B93DF1787CED" otype="FKIndexAssociation" vid_source="84048086-F0EC-FBAB-DE57-6781F6B925AA" vid_target="0AE3A6E8-59BD-DBBA-C7CD-E45AD3559F60">
<hideElementsInCurrentOnly>false</hideElementsInCurrentOnly>
<backgroundColor>-16777216</backgroundColor>
<lineWidth>1</lineWidth>
<points>
<point x="285" y="223"/>
<point x="285" y="118"/>
</points>
</Connector>
<Connector class="oracle.dbtools.crest.swingui.relational.TVFKRelation" oid="78C93A9D-9A6E-41A1-458E-B1DD1D0963FE" otype="FKIndexAssociation" vid_source="94094B29-86C0-B2C2-47B0-50FA20FBF007" vid_target="C4D49C7E-D5D8-0A60-D132-87ADDDC7D718">
<hideElementsInCurrentOnly>false</hideElementsInCurrentOnly>
<backgroundColor>-16777216</backgroundColor>
<lineWidth>1</lineWidth>
<points>
<point x="990" y="326"/>
<point x="753" y="326"/>
</points>
</Connector>
<Connector class="oracle.dbtools.crest.swingui.relational.TVFKRelation" oid="7CD8E8CD-C826-F0EA-268B-ECE640CA0437" otype="FKIndexAssociation" vid_source="28224786-2D3A-95B6-777C-45AD7B95731C" vid_target="84048086-F0EC-FBAB-DE57-6781F6B925AA">
<hideElementsInCurrentOnly>false</hideElementsInCurrentOnly>
<backgroundColor>-16777216</backgroundColor>
<lineWidth>1</lineWidth>
<points>
<point x="272" y="206"/>
<point x="272" y="223"/>
</points>
</Connector>
<Connector class="oracle.dbtools.crest.swingui.relational.TVFKRelation" oid="857A5C2B-3850-4C6E-F193-53558EFA4570" otype="FKIndexAssociation" vid_source="8EC6F0E1-9279-4D96-3D23-CC7E77268996" vid_target="239AA391-D64D-B422-75D8-86129DE40749">
<hideElementsInCurrentOnly>false</hideElementsInCurrentOnly>
<backgroundColor>-16777216</backgroundColor>
<lineWidth>1</lineWidth>
<points>
<point x="831" y="129"/>
<point x="722" y="129"/>
</points>
</Connector>
<Connector class="oracle.dbtools.crest.swingui.relational.TVFKRelation" oid="8BA44886-D926-80E1-A27C-F95B563D2983" otype="FKIndexAssociation" vid_source="A4639F41-C89F-3B64-2C10-AC464F1F5756" vid_target="0AE3A6E8-59BD-DBBA-C7CD-E45AD3559F60">
<hideElementsInCurrentOnly>false</hideElementsInCurrentOnly>
<backgroundColor>-16777216</backgroundColor>
<lineWidth>1</lineWidth>
<points>
<point x="466" y="81"/>
<point x="239" y="81"/>
</points>
</Connector>
<Connector class="oracle.dbtools.crest.swingui.relational.TVFKRelation" oid="9996B483-0DFD-DDC2-8DE7-07D5F6037282" otype="FKIndexAssociation" vid_source="94094B29-86C0-B2C2-47B0-50FA20FBF007" vid_target="37A2158F-EBAB-2971-2BDE-1BACEA8C21E4">
<hideElementsInCurrentOnly>false</hideElementsInCurrentOnly>
<backgroundColor>-16777216</backgroundColor>
<lineWidth>1</lineWidth>
<points>
<point x="990" y="532"/>
<point x="767" y="532"/>
</points>
</Connector>
<Connector class="oracle.dbtools.crest.swingui.relational.TVFKRelation" oid="BF15DF00-083D-FBB1-3220-4045E1D7D370" otype="FKIndexAssociation" vid_source="A4639F41-C89F-3B64-2C10-AC464F1F5756" vid_target="FCF2719C-78F3-D855-D334-99ECD6E1BDE1">
<hideElementsInCurrentOnly>false</hideElementsInCurrentOnly>
<backgroundColor>-16777216</backgroundColor>
<lineWidth>1</lineWidth>
<points>
<point x="466" y="67"/>
<point x="349" y="67"/>
</points>
</Connector>
<Connector class="oracle.dbtools.crest.swingui.relational.TVFKRelation" oid="BFDA0E70-DE8E-CBBF-A9C0-3B1D90579C38" otype="FKIndexAssociation" vid_source="94094B29-86C0-B2C2-47B0-50FA20FBF007" vid_target="C7EEFF34-E995-26A5-DAE6-9D13B19EB63B">
<hideElementsInCurrentOnly>false</hideElementsInCurrentOnly>
<backgroundColor>-16777216</backgroundColor>
<lineWidth>1</lineWidth>
<points>
<point x="990" y="418"/>
<point x="879" y="418"/>
</points>
</Connector>
<Connector class="oracle.dbtools.crest.swingui.relational.TVFKRelation" oid="CCEA4242-F73B-C20D-6DF8-5F6E8A60469A" otype="FKIndexAssociation" vid_source="28224786-2D3A-95B6-777C-45AD7B95731C" vid_target="239AA391-D64D-B422-75D8-86129DE40749">
<hideElementsInCurrentOnly>false</hideElementsInCurrentOnly>
<backgroundColor>-16777216</backgroundColor>
<lineWidth>1</lineWidth>
<points>
<point x="313" y="152"/>
<point x="626" y="152"/>
</points>
</Connector>
<Connector class="oracle.dbtools.crest.swingui.relational.TVFKRelation" oid="CD62D564-0D4B-5EFB-96D8-96CACFBA15D0" otype="FKIndexAssociation" vid_source="1A17D664-2B5F-6E79-5994-90281CFD512E" vid_target="4CE36CA4-B0CA-7358-9077-07EE3DD92EF1">
<hideElementsInCurrentOnly>false</hideElementsInCurrentOnly>
<backgroundColor>-16777216</backgroundColor>
<lineWidth>1</lineWidth>
<points>
<point x="761" y="274"/>
<point x="600" y="274"/>
</points>
</Connector>
<Connector class="oracle.dbtools.crest.swingui.relational.TVFKRelation" oid="DBE72483-D90E-4AF9-7A77-44CAB00C8BB7" otype="FKIndexAssociation" vid_source="FCF2719C-78F3-D855-D334-99ECD6E1BDE1" vid_target="7F9009C6-28E8-A9C9-D10A-663BC11FAFEC">
<hideElementsInCurrentOnly>false</hideElementsInCurrentOnly>
<backgroundColor>-16777216</backgroundColor>
<lineWidth>1</lineWidth>
<points>
<point x="385" y="92"/>
<point x="211" y="395"/>
</points>
</Connector>
<Connector class="oracle.dbtools.crest.swingui.relational.TVFKRelation" oid="E065E179-BC86-C74A-2094-75E2198B08C7" otype="FKIndexAssociation" vid_source="0AE3A6E8-59BD-DBBA-C7CD-E45AD3559F60" vid_target="7F9009C6-28E8-A9C9-D10A-663BC11FAFEC">
<hideElementsInCurrentOnly>false</hideElementsInCurrentOnly>
<backgroundColor>-16777216</backgroundColor>
<lineWidth>1</lineWidth>
<points>
<point x="249" y="118"/>
<point x="249" y="395"/>
</points>
</Connector>
<Connector class="oracle.dbtools.crest.swingui.relational.TVFKRelation" oid="EA5AFA5C-10B5-FE62-EF9A-D8C37839D43C" otype="FKIndexAssociation" vid_source="94094B29-86C0-B2C2-47B0-50FA20FBF007" vid_target="DA2C8AE2-D17F-06DA-8BA6-489D3C9081FC">
<hideElementsInCurrentOnly>false</hideElementsInCurrentOnly>
<backgroundColor>-16777216</backgroundColor>
<lineWidth>1</lineWidth>
<points>
<point x="990" y="451"/>
<point x="761" y="451"/>
</points>
</Connector>
<Connector class="oracle.dbtools.crest.swingui.relational.TVFKRelation" oid="EBFA79AA-329F-913F-DF66-7B4D54F19FD8" otype="FKIndexAssociation" vid_source="94094B29-86C0-B2C2-47B0-50FA20FBF007" vid_target="5BAC79DF-D158-3179-C876-D90F461B49C8">
<hideElementsInCurrentOnly>false</hideElementsInCurrentOnly>
<backgroundColor>-16777216</backgroundColor>
<lineWidth>1</lineWidth>
<points>
<point x="751" y="310"/>
<point x="555" y="109"/>
</points>
</Connector>
<Connector class="oracle.dbtools.crest.swingui.relational.TVFKRelation" oid="EDA10C0C-F458-FC29-F566-EFD06407A98F" otype="FKIndexAssociation" vid_source="94094B29-86C0-B2C2-47B0-50FA20FBF007" vid_target="F943BDF0-05AF-7D92-2038-DE78038839A7">
<hideElementsInCurrentOnly>false</hideElementsInCurrentOnly>
<backgroundColor>-16777216</backgroundColor>
<lineWidth>1</lineWidth>
<points>
<point x="990" y="617"/>
<point x="761" y="617"/>
</points>
</Connector>
<Connector class="oracle.dbtools.crest.swingui.relational.TVFKRelation" oid="F2834495-CEDC-6EDD-93B6-B0972C1574F6" otype="FKIndexAssociation" vid_source="94094B29-86C0-B2C2-47B0-50FA20FBF007" vid_target="0D413FEC-EDBC-9FA2-1D2D-97D7664AE955">
<hideElementsInCurrentOnly>false</hideElementsInCurrentOnly>
<backgroundColor>-16777216</backgroundColor>
<lineWidth>1</lineWidth>
<points>
<point x="990" y="633"/>
<point x="886" y="633"/>
</points>
</Connector>
<Connector class="oracle.dbtools.crest.swingui.relational.TVFKRelation" oid="F39E196B-7F4F-44AB-34C9-2A1A53081648" otype="FKIndexAssociation" vid_source="239AA391-D64D-B422-75D8-86129DE40749" vid_target="5BAC79DF-D158-3179-C876-D90F461B49C8">
<hideElementsInCurrentOnly>false</hideElementsInCurrentOnly>
<backgroundColor>-16777216</backgroundColor>
<lineWidth>1</lineWidth>
<points>
<point x="626" y="102"/>
<point x="584" y="102"/>
</points>
</Connector>
<Connector class="oracle.dbtools.crest.swingui.relational.TVFKRelation" oid="F8160CCE-7C15-E18A-1627-479E23FA5D50" otype="FKIndexAssociation" vid_source="239AA391-D64D-B422-75D8-86129DE40749" vid_target="9E89BF7B-1EE5-BB06-B439-95CBE058076B">
<hideElementsInCurrentOnly>false</hideElementsInCurrentOnly>
<backgroundColor>-16777216</backgroundColor>
<lineWidth>1</lineWidth>
<points>
<point x="662" y="163"/>
<point x="533" y="523"/>
</points>
</Connector>
</connectors>
<arcs>
<Arc class="oracle.dbtools.crest.swingui.relational.TVFKArc" oid="2B06653A-9FF4-658B-95DE-8BCD3B6197FB" otype="FKArc" vid="CD9DCD94-3DAC-C054-03F3-64E373EA3D38">
<hideElementsInCurrentOnly>false</hideElementsInCurrentOnly>
<bounds x="210" y="-20" width="276" height="168"/>
</Arc>
<Arc class="oracle.dbtools.crest.swingui.relational.TVFKArc" oid="BB6144FF-3A0A-A223-3CBD-32D863A2299F" otype="FKArc" vid="648343D8-2813-033A-14BF-E0C76347D4FC">
<hideElementsInCurrentOnly>false</hideElementsInCurrentOnly>
<bounds x="731" y="185" width="279" height="519"/>
</Arc>
</arcs>
</Diagram>