<?xml version = '1.0' encoding = 'UTF-8'?>
<Table class="oracle.dbtools.crest.model.design.relational.Table" directorySegmentName="seg_0" id="0E50AC26-0A74-765F-C6C9-16E18F070BEF" name="Checkouts">
<createdBy>marianapinedamiranda</createdBy>
<createdTime>2023-10-02 03:06:33 UTC</createdTime>
<generatorID>1185897D-4652-CE2F-BB55-85F4761C28B0</generatorID>
<ownerDesignName>ProyectoSistrans</ownerDesignName>
<allowColumnReorder>false</allowColumnReorder>
<existDependencyGenerateInDDl>true</existDependencyGenerateInDDl>
<parsed>true</parsed>
<columns itemClass="oracle.dbtools.crest.model.design.relational.Column">
<Column name="Reservas_id" id="72A98A38-2E71-4CD1-C659-A4AEF2827DAD">
<createdBy>marianapinedamiranda</createdBy>
<createdTime>2023-10-02 03:06:33 UTC</createdTime>
<generatorID>7827AFD6-24C9-6DCE-6947-0B1933CA86FE</generatorID>
<ownerDesignName>ProyectoSistrans</ownerDesignName>
<useDomainConstraints>false</useDomainConstraints>
<use>1</use>
<logicalDatatype>LOGDT011</logicalDatatype>
<ownDataTypeParameters>,,</ownDataTypeParameters>
<previousColumn>false</previousColumn>
<autoIncrementCycle>false</autoIncrementCycle>
<associations>
<colAssociation fkAssociation="BD180E3A-E6A4-BA90-E4EE-B9C536D69DB6" referredColumn="6CA6935E-894B-8F97-A45C-2031E8937EB1"/>
</associations>
</Column>
<Column name="id_checkout" id="7DF36C30-666B-1EC0-AD63-A145D55AC1A2">
<createdBy>marianapinedamiranda</createdBy>
<createdTime>2023-10-02 03:06:33 UTC</createdTime>
<generatorID>5C680E10-EF70-4C94-51C7-049826E31E9A</generatorID>
<ownerDesignName>ProyectoSistrans</ownerDesignName>
<useDomainConstraints>false</useDomainConstraints>
<use>1</use>
<logicalDatatype>LOGDT011</logicalDatatype>
<ownDataTypeParameters>,,</ownDataTypeParameters>
<autoIncrementCycle>false</autoIncrementCycle>
</Column>
<Column name="Clientes_id" id="7022DF7C-098F-9CDC-CD17-109B1AB4F569">
<createdBy>marianapinedamiranda</createdBy>
<createdTime>2023-10-02 03:06:33 UTC</createdTime>
<generatorID>45974315-953D-BCCC-C7BD-67586035E16E</generatorID>
<ownerDesignName>ProyectoSistrans</ownerDesignName>
<useDomainConstraints>false</useDomainConstraints>
<use>1</use>
<logicalDatatype>LOGDT011</logicalDatatype>
<ownDataTypeParameters>,,</ownDataTypeParameters>
<previousColumn>false</previousColumn>
<autoIncrementCycle>false</autoIncrementCycle>
<associations>
<colAssociation fkAssociation="F9522B18-EDE7-B557-249F-050B76519E86" referredColumn="B7A3873F-6157-5D8E-FBF4-F31FD60A85B9"/>
</associations>
</Column>
<Column name="Empleados_id" id="EA46ECF4-663A-DF07-8737-A7ABB4B2EFB0">
<createdBy>marianapinedamiranda</createdBy>
<createdTime>2023-10-02 03:06:33 UTC</createdTime>
<generatorID>123B13E0-2251-748F-BC5B-525424A1CF58</generatorID>
<ownerDesignName>ProyectoSistrans</ownerDesignName>
<useDomainConstraints>false</useDomainConstraints>
<use>1</use>
<logicalDatatype>LOGDT011</logicalDatatype>
<ownDataTypeParameters>,,</ownDataTypeParameters>
<previousColumn>false</previousColumn>
<autoIncrementCycle>false</autoIncrementCycle>
<associations>
<colAssociation fkAssociation="0D86A2E2-7C69-3B0E-A27C-9EEEE1A9AAAF" referredColumn="9B762B79-B3E9-A393-26B9-2FB442039E22"/>
</associations>
</Column>
</columns>
<indexes itemClass="oracle.dbtools.crest.model.design.relational.Index">
<ind_PK_UK id="3FED66B5-B2F7-A67C-D327-3024B23BE596" name="Checkouts_PK">
<createdBy>marianapinedamiranda</createdBy>
<createdTime>2023-10-02 03:06:33 UTC</createdTime>
<generatorID>D3FE9E5C-57DB-A726-5DF9-AB4F82B10B3E</generatorID>
<ownerDesignName>ProyectoSistrans</ownerDesignName>
<pk>true</pk>
<indexState>Primary Constraint</indexState>
<isSurrogateKey>false</isSurrogateKey>
<indexColumnUsage>
<colUsage columnID="7DF36C30-666B-1EC0-AD63-A145D55AC1A2"/>
</indexColumnUsage>
</ind_PK_UK>
<ind_PK_UK id="84659187-CBB1-8718-8251-01145D9026B4" name="Checkouts__IDX">
<createdBy>marianapinedamiranda</createdBy>
<createdTime>2023-10-02 03:06:34 UTC</createdTime>
<ownerDesignName>ProyectoSistrans</ownerDesignName>
<indexState>Unique Plain Index</indexState>
<isSurrogateKey>false</isSurrogateKey>
<relationGeneratorID>F6D20008-340E-3D1A-B21D-A6EA7E7A33DF</relationGeneratorID>
<indexColumnUsage>
<colUsage columnID="72A98A38-2E71-4CD1-C659-A4AEF2827DAD"/>
</indexColumnUsage>
</ind_PK_UK>
<ind_PK_UK id="69C76AF8-4F27-E69A-6A4F-960CAA26DC9C" name="Checkouts_Clientes_FK">
<createdBy>marianapinedamiranda</createdBy>
<createdTime>2023-10-02 03:06:33 UTC</createdTime>
<generatorID>B99B7840-CABB-CA93-8D9F-5AF0F755BBBA</generatorID>
<ownerDesignName>ProyectoSistrans</ownerDesignName>
<indexState>Foreign Key</indexState>
<isSurrogateKey>false</isSurrogateKey>
<indexColumnUsage>
<colUsage columnID="7022DF7C-098F-9CDC-CD17-109B1AB4F569"/>
</indexColumnUsage>
</ind_PK_UK>
<ind_PK_UK id="B70C0F97-1AB6-6AED-ADFB-4D2579D38DBF" name="Checkouts_Empleados_FK">
<createdBy>marianapinedamiranda</createdBy>
<createdTime>2023-10-02 03:06:33 UTC</createdTime>
<generatorID>5B4F01C0-C389-BA16-65F7-DC3A03164459</generatorID>
<ownerDesignName>ProyectoSistrans</ownerDesignName>
<indexState>Foreign Key</indexState>
<isSurrogateKey>false</isSurrogateKey>
<indexColumnUsage>
<colUsage columnID="EA46ECF4-663A-DF07-8737-A7ABB4B2EFB0"/>
</indexColumnUsage>
</ind_PK_UK>
<ind_PK_UK id="146949E6-DC26-3469-3592-55947CBFCE87" name="Checkouts_Reservas_FK">
<createdBy>marianapinedamiranda</createdBy>
<createdTime>2023-10-02 03:06:34 UTC</createdTime>
<generatorID>F6D20008-340E-3D1A-B21D-A6EA7E7A33DF</generatorID>
<ownerDesignName>ProyectoSistrans</ownerDesignName>
<indexState>Foreign Key</indexState>
<isSurrogateKey>false</isSurrogateKey>
<indexColumnUsage>
<colUsage columnID="72A98A38-2E71-4CD1-C659-A4AEF2827DAD"/>
</indexColumnUsage>
</ind_PK_UK>
</indexes>
</Table>