<?xml version = '1.0' encoding = 'UTF-8'?>
<Table class="oracle.dbtools.crest.model.design.relational.Table" directorySegmentName="seg_0" id="1C631C2E-7118-B554-594F-C468958119D8" name="Prod_Super">
<createdBy>marianapinedamiranda</createdBy>
<createdTime>2023-10-02 03:06:33 UTC</createdTime>
<generatorID>7A20E094-705E-3906-156F-7CC394D24AC7</generatorID>
<ownerDesignName>ProyectoSistrans</ownerDesignName>
<allowColumnReorder>false</allowColumnReorder>
<existDependencyGenerateInDDl>true</existDependencyGenerateInDDl>
<parsed>true</parsed>
<columns itemClass="oracle.dbtools.crest.model.design.relational.Column">
<Column name="nombre" id="8329D250-5877-F474-BF10-3B037904486A">
<createdBy>marianapinedamiranda</createdBy>
<createdTime>2023-10-02 03:06:33 UTC</createdTime>
<generatorID>BB6D5C53-25CF-1087-989F-5FBC9704BAFF</generatorID>
<ownerDesignName>ProyectoSistrans</ownerDesignName>
<useDomainConstraints>false</useDomainConstraints>
<use>1</use>
<logicalDatatype>A3A3C77D-0366-9768-FF89-1C25E56881C8</logicalDatatype>
<ownDataTypeParameters>,,</ownDataTypeParameters>
<autoIncrementCycle>false</autoIncrementCycle>
</Column>
<Column name="costo" id="1A9ECCC7-5137-ABCE-82D4-87CBFA8A99F8">
<createdBy>marianapinedamiranda</createdBy>
<createdTime>2023-10-02 03:06:33 UTC</createdTime>
<generatorID>F541DF83-83C2-A4D5-14E9-03972684873C</generatorID>
<ownerDesignName>ProyectoSistrans</ownerDesignName>
<useDomainConstraints>false</useDomainConstraints>
<use>1</use>
<logicalDatatype>LOGDT020</logicalDatatype>
<ownDataTypeParameters>,,</ownDataTypeParameters>
<autoIncrementCycle>false</autoIncrementCycle>
</Column>
<Column name="Supermercado_id_servicio" id="84C38910-EE49-6677-E937-B54C7695D0C3">
<createdBy>marianapinedamiranda</createdBy>
<createdTime>2023-10-02 03:06:33 UTC</createdTime>
<generatorID>F6FF5A1A-0FBD-A922-0EC5-6B032677D5AA</generatorID>
<ownerDesignName>ProyectoSistrans</ownerDesignName>
<useDomainConstraints>false</useDomainConstraints>
<use>1</use>
<logicalDatatype>LOGDT011</logicalDatatype>
<ownDataTypeParameters>,,</ownDataTypeParameters>
<previousColumn>false</previousColumn>
<autoIncrementCycle>false</autoIncrementCycle>
<associations>
<colAssociation fkAssociation="A8FE9B94-077B-8BD4-B604-456AEBBCDFBD" referredColumn="E6B9358D-3BF1-90B5-2DF8-492BEF48DCCD"/>
</associations>
</Column>
<Column name="id" id="FFCA0E95-A91F-B086-9853-0EEFD2903360">
<createdBy>marianapinedamiranda</createdBy>
<createdTime>2023-10-02 03:06:33 UTC</createdTime>
<generatorID>838197E8-665B-9BFC-8F08-70B42EC6103D</generatorID>
<ownerDesignName>ProyectoSistrans</ownerDesignName>
<useDomainConstraints>false</useDomainConstraints>
<use>1</use>
<logicalDatatype>LOGDT011</logicalDatatype>
<ownDataTypeParameters>,,</ownDataTypeParameters>
<autoIncrementCycle>false</autoIncrementCycle>
</Column>
</columns>
<indexes itemClass="oracle.dbtools.crest.model.design.relational.Index">
<ind_PK_UK id="281667FE-5B8F-453C-6FE9-314A1BE508A9" name="Prod_Super_PK">
<createdBy>marianapinedamiranda</createdBy>
<createdTime>2023-10-02 03:06:33 UTC</createdTime>
<generatorID>7EA1991F-B77C-500C-4AFD-54234B434E9A</generatorID>
<ownerDesignName>ProyectoSistrans</ownerDesignName>
<pk>true</pk>
<indexState>Primary Constraint</indexState>
<isSurrogateKey>false</isSurrogateKey>
<indexColumnUsage>
<colUsage columnID="FFCA0E95-A91F-B086-9853-0EEFD2903360"/>
</indexColumnUsage>
</ind_PK_UK>
<ind_PK_UK id="940D4A4F-B852-54A4-06C7-7023163A9365" name="Prod_Super_Supermercado_FK">
<createdBy>marianapinedamiranda</createdBy>
<createdTime>2023-10-02 03:06:34 UTC</createdTime>
<generatorID>A86E303C-A6E6-A4B6-2C57-57125EBF9AD0</generatorID>
<ownerDesignName>ProyectoSistrans</ownerDesignName>
<indexState>Foreign Key</indexState>
<isSurrogateKey>false</isSurrogateKey>
<indexColumnUsage>
<colUsage columnID="84C38910-EE49-6677-E937-B54C7695D0C3"/>
</indexColumnUsage>
</ind_PK_UK>
</indexes>
</Table>