<?xml version = '1.0' encoding = 'UTF-8'?>
<Table class="oracle.dbtools.crest.model.design.relational.Table" directorySegmentName="seg_0" id="28933A3E-9FF7-027C-E1CA-192C68E1833E" name="Checkins">
<createdBy>marianapinedamiranda</createdBy>
<createdTime>2023-10-02 03:06:33 UTC</createdTime>
<generatorID>3604898D-1362-A614-E357-916F65AB275C</generatorID>
<ownerDesignName>ProyectoSistrans</ownerDesignName>
<allowColumnReorder>false</allowColumnReorder>
<existDependencyGenerateInDDl>true</existDependencyGenerateInDDl>
<parsed>true</parsed>
<columns itemClass="oracle.dbtools.crest.model.design.relational.Column">
<Column name="Reservas_id" id="A664C38B-CA5E-13E0-7741-9F3400F3B2A1">
<createdBy>marianapinedamiranda</createdBy>
<createdTime>2023-10-02 03:06:33 UTC</createdTime>
<generatorID>F2288066-7EDB-71E9-F6D8-773C06192E14</generatorID>
<ownerDesignName>ProyectoSistrans</ownerDesignName>
<useDomainConstraints>false</useDomainConstraints>
<use>1</use>
<logicalDatatype>LOGDT011</logicalDatatype>
<ownDataTypeParameters>,,</ownDataTypeParameters>
<previousColumn>false</previousColumn>
<autoIncrementCycle>false</autoIncrementCycle>
<associations>
<colAssociation fkAssociation="8674EAE0-00F1-C9D1-5CE2-6523547F5786" referredColumn="6CA6935E-894B-8F97-A45C-2031E8937EB1"/>
</associations>
</Column>
<Column name="id_checkin" id="2F21F514-5E74-EF46-7313-B64E73CAD721">
<createdBy>marianapinedamiranda</createdBy>
<createdTime>2023-10-02 03:06:33 UTC</createdTime>
<generatorID>75C9850B-BBD1-9BD6-FB6E-D11EA9C63486</generatorID>
<ownerDesignName>ProyectoSistrans</ownerDesignName>
<useDomainConstraints>false</useDomainConstraints>
<use>1</use>
<logicalDatatype>LOGDT011</logicalDatatype>
<ownDataTypeParameters>,,</ownDataTypeParameters>
<autoIncrementCycle>false</autoIncrementCycle>
</Column>
<Column name="Clientes_id" id="F453F310-135F-40E7-12D2-593A48D44A03">
<createdBy>marianapinedamiranda</createdBy>
<createdTime>2023-10-02 03:06:33 UTC</createdTime>
<generatorID>EE1AB17C-6F25-1F14-9566-40219CD60774</generatorID>
<ownerDesignName>ProyectoSistrans</ownerDesignName>
<useDomainConstraints>false</useDomainConstraints>
<use>1</use>
<logicalDatatype>LOGDT011</logicalDatatype>
<ownDataTypeParameters>,,</ownDataTypeParameters>
<previousColumn>false</previousColumn>
<autoIncrementCycle>false</autoIncrementCycle>
<associations>
<colAssociation fkAssociation="0C400651-6637-FCC9-BDAF-7BC8ED524A22" referredColumn="B7A3873F-6157-5D8E-FBF4-F31FD60A85B9"/>
</associations>
</Column>
<Column name="Empleados_id" id="F4EADDC4-6FD3-63F3-ACAB-2192DE32182B">
<createdBy>marianapinedamiranda</createdBy>
<createdTime>2023-10-02 03:06:33 UTC</createdTime>
<generatorID>C3041A4D-D5BA-D47E-89D9-1B604EC54929</generatorID>
<ownerDesignName>ProyectoSistrans</ownerDesignName>
<useDomainConstraints>false</useDomainConstraints>
<use>1</use>
<logicalDatatype>LOGDT011</logicalDatatype>
<ownDataTypeParameters>,,</ownDataTypeParameters>
<previousColumn>false</previousColumn>
<autoIncrementCycle>false</autoIncrementCycle>
<associations>
<colAssociation fkAssociation="80D32EB8-89CD-A802-DCD0-1B84DDEB1291" referredColumn="9B762B79-B3E9-A393-26B9-2FB442039E22"/>
</associations>
</Column>
</columns>
<indexes itemClass="oracle.dbtools.crest.model.design.relational.Index">
<ind_PK_UK id="C4F3AAE0-425A-4223-748C-ACA1C7D65216" name="Checkins_PK">
<createdBy>marianapinedamiranda</createdBy>
<createdTime>2023-10-02 03:06:33 UTC</createdTime>
<generatorID>33344636-E6B6-B201-2B3F-40C13F9B65EB</generatorID>
<ownerDesignName>ProyectoSistrans</ownerDesignName>
<pk>true</pk>
<indexState>Primary Constraint</indexState>
<isSurrogateKey>false</isSurrogateKey>
<indexColumnUsage>
<colUsage columnID="2F21F514-5E74-EF46-7313-B64E73CAD721"/>
</indexColumnUsage>
</ind_PK_UK>
<ind_PK_UK id="B4803E90-1214-7626-31BD-C45806086D1E" name="Checkins__IDX">
<createdBy>marianapinedamiranda</createdBy>
<createdTime>2023-10-02 03:06:34 UTC</createdTime>
<ownerDesignName>ProyectoSistrans</ownerDesignName>
<indexState>Unique Plain Index</indexState>
<isSurrogateKey>false</isSurrogateKey>
<relationGeneratorID>EC4CFB2A-2E12-50FA-7730-457FFD825534</relationGeneratorID>
<indexColumnUsage>
<colUsage columnID="A664C38B-CA5E-13E0-7741-9F3400F3B2A1"/>
</indexColumnUsage>
</ind_PK_UK>
<ind_PK_UK id="5218B319-FB7B-5C09-DB44-0001534D0472" name="Checkins_Empleados_FK">
<createdBy>marianapinedamiranda</createdBy>
<createdTime>2023-10-02 03:06:33 UTC</createdTime>
<generatorID>968A8EFA-F707-A508-5677-D44CEDC5D39C</generatorID>
<ownerDesignName>ProyectoSistrans</ownerDesignName>
<indexState>Foreign Key</indexState>
<isSurrogateKey>false</isSurrogateKey>
<indexColumnUsage>
<colUsage columnID="F4EADDC4-6FD3-63F3-ACAB-2192DE32182B"/>
</indexColumnUsage>
</ind_PK_UK>
<ind_PK_UK id="0CD97EC4-845F-CB9F-765C-FF8C544E84B7" name="Checkins_Reservas_FK">
<createdBy>marianapinedamiranda</createdBy>
<createdTime>2023-10-02 03:06:34 UTC</createdTime>
<generatorID>EC4CFB2A-2E12-50FA-7730-457FFD825534</generatorID>
<ownerDesignName>ProyectoSistrans</ownerDesignName>
<indexState>Foreign Key</indexState>
<isSurrogateKey>false</isSurrogateKey>
<indexColumnUsage>
<colUsage columnID="A664C38B-CA5E-13E0-7741-9F3400F3B2A1"/>
</indexColumnUsage>
</ind_PK_UK>
<ind_PK_UK id="877122F4-272E-1CA0-F218-120BA19E8DF2" name="Checkins_Clientes_FK">
<createdBy>marianapinedamiranda</createdBy>
<createdTime>2023-10-02 03:06:34 UTC</createdTime>
<generatorID>AA83F5E4-57A7-27A6-2711-F3065C1B126E</generatorID>
<ownerDesignName>ProyectoSistrans</ownerDesignName>
<indexState>Foreign Key</indexState>
<isSurrogateKey>false</isSurrogateKey>
<indexColumnUsage>
<colUsage columnID="F453F310-135F-40E7-12D2-593A48D44A03"/>
</indexColumnUsage>
</ind_PK_UK>
</indexes>
</Table>