<?xml version = '1.0' encoding = 'UTF-8'?>
<Table class="oracle.dbtools.crest.model.design.relational.Table" directorySegmentName="seg_0" id="515FD894-1EE6-F5A1-FA12-83D14D8BBD07" name="Salon_Conferencias">
<createdBy>marianapinedamiranda</createdBy>
<createdTime>2023-10-02 03:06:33 UTC</createdTime>
<generatorID>6B93FC69-AF67-29AF-3DF3-BFEB6825AEFE</generatorID>
<ownerDesignName>ProyectoSistrans</ownerDesignName>
<allowColumnReorder>false</allowColumnReorder>
<existDependencyGenerateInDDl>true</existDependencyGenerateInDDl>
<parsed>true</parsed>
<columns itemClass="oracle.dbtools.crest.model.design.relational.Column">
<Column name="id_servicio" id="491ECD91-4B8F-7CB5-F642-6E4A5F2DC490">
<createdBy>marianapinedamiranda</createdBy>
<createdTime>2023-10-02 03:06:33 UTC</createdTime>
<generatorID>F2A9B781-14F0-E204-F494-3D8B8282F889</generatorID>
<ownerDesignName>ProyectoSistrans</ownerDesignName>
<useDomainConstraints>false</useDomainConstraints>
<use>1</use>
<logicalDatatype>LOGDT011</logicalDatatype>
<ownDataTypeParameters>,,</ownDataTypeParameters>
<autoIncrementCycle>false</autoIncrementCycle>
<associations>
<colAssociation fkAssociation="96C1537D-5E26-703D-68F7-636767EE4E21" referredColumn="E4820D2E-E291-C1BF-9B95-6DF0510491BB"/>
</associations>
</Column>
<Column name="costo" id="268EFF26-335F-5E07-FCA3-B87148D964D6">
<createdBy>marianapinedamiranda</createdBy>
<createdTime>2023-10-02 03:06:33 UTC</createdTime>
<generatorID>72149371-5498-3A95-A330-C6E9C6EC1FCD</generatorID>
<ownerDesignName>ProyectoSistrans</ownerDesignName>
<useDomainConstraints>false</useDomainConstraints>
<use>1</use>
<logicalDatatype>LOGDT011</logicalDatatype>
<ownDataTypeParameters>,,</ownDataTypeParameters>
<autoIncrementCycle>false</autoIncrementCycle>
</Column>
<Column name="capacidad" id="6D2D29B2-E13F-3B90-4BED-FCE9762C8A10">
<createdBy>marianapinedamiranda</createdBy>
<createdTime>2023-10-02 03:06:33 UTC</createdTime>
<generatorID>4817BACA-9DA7-AD93-C78E-DE9F54E6212C</generatorID>
<ownerDesignName>ProyectoSistrans</ownerDesignName>
<useDomainConstraints>false</useDomainConstraints>
<use>1</use>
<logicalDatatype>LOGDT011</logicalDatatype>
<ownDataTypeParameters>,,</ownDataTypeParameters>
<autoIncrementCycle>false</autoIncrementCycle>
</Column>
</columns>
<indexes itemClass="oracle.dbtools.crest.model.design.relational.Index">
<ind_PK_UK id="9EF0F844-5689-4BC8-99BC-34E68236072C" name="Salon_Conferencias_PK">
<createdBy>marianapinedamiranda</createdBy>
<createdTime>2023-10-02 03:06:33 UTC</createdTime>
<generatorID>AA52D276-FB5A-CDE6-407F-2F08084258F0</generatorID>
<ownerDesignName>ProyectoSistrans</ownerDesignName>
<pk>true</pk>
<indexState>Primary Constraint</indexState>
<isSurrogateKey>false</isSurrogateKey>
<indexColumnUsage>
<colUsage columnID="491ECD91-4B8F-7CB5-F642-6E4A5F2DC490"/>
</indexColumnUsage>
</ind_PK_UK>
<ind_PK_UK id="70EE40A6-7F73-C153-9590-4E1312EC6AA7" name="Salon_Conferencias_Servicios_FK">
<createdBy>marianapinedamiranda</createdBy>
<createdTime>2023-10-02 03:06:33 UTC</createdTime>
<generatorID>73286F79-5FD6-1195-EC6A-0205018226D1</generatorID>
<ownerDesignName>ProyectoSistrans</ownerDesignName>
<indexState>Foreign Key</indexState>
<isSurrogateKey>false</isSurrogateKey>
<indexColumnUsage>
<colUsage columnID="491ECD91-4B8F-7CB5-F642-6E4A5F2DC490"/>
</indexColumnUsage>
</ind_PK_UK>
</indexes>
</Table>