<?xml version = '1.0' encoding = 'UTF-8'?>
<Table class="oracle.dbtools.crest.model.design.relational.Table" directorySegmentName="seg_0" id="573AC6CF-A743-A28E-69B4-BFA73F761425" name="Restaurantes">
<createdBy>marianapinedamiranda</createdBy>
<createdTime>2023-10-02 03:06:33 UTC</createdTime>
<generatorID>C0B32681-2A2B-89D5-2911-36316E01AD9E</generatorID>
<ownerDesignName>ProyectoSistrans</ownerDesignName>
<allowColumnReorder>false</allowColumnReorder>
<existDependencyGenerateInDDl>true</existDependencyGenerateInDDl>
<parsed>true</parsed>
<columns itemClass="oracle.dbtools.crest.model.design.relational.Column">
<Column name="id_servicio" id="ADA56082-3C49-A87B-3AA8-0CBC92EFA921">
<createdBy>marianapinedamiranda</createdBy>
<createdTime>2023-10-02 03:06:33 UTC</createdTime>
<generatorID>F2A9B781-14F0-E204-F494-3D8B8282F889</generatorID>
<ownerDesignName>ProyectoSistrans</ownerDesignName>
<useDomainConstraints>false</useDomainConstraints>
<use>1</use>
<logicalDatatype>LOGDT011</logicalDatatype>
<ownDataTypeParameters>,,</ownDataTypeParameters>
<autoIncrementCycle>false</autoIncrementCycle>
<associations>
<colAssociation fkAssociation="D3C7C79A-40ED-E9AD-9FC0-1B33B462B1C9" referredColumn="E4820D2E-E291-C1BF-9B95-6DF0510491BB"/>
</associations>
</Column>
<Column name="capacidad" id="5A072974-B04A-FD08-0796-D92033AE2C1F">
<createdBy>marianapinedamiranda</createdBy>
<createdTime>2023-10-02 03:06:33 UTC</createdTime>
<generatorID>552EBBC6-DD61-EF41-7E6A-8D883603F570</generatorID>
<ownerDesignName>ProyectoSistrans</ownerDesignName>
<useDomainConstraints>false</useDomainConstraints>
<use>1</use>
<logicalDatatype>A3A3C77D-0366-9768-FF89-1C25E56881C8</logicalDatatype>
<ownDataTypeParameters>,,</ownDataTypeParameters>
<autoIncrementCycle>false</autoIncrementCycle>
</Column>
<Column name="estilo" id="C5A6EAF4-502F-4D2D-920F-30E0364D242F">
<createdBy>marianapinedamiranda</createdBy>
<createdTime>2023-10-02 03:06:33 UTC</createdTime>
<generatorID>F2AD03E9-C440-D1EC-36B0-A6BFBBF2BD6F</generatorID>
<ownerDesignName>ProyectoSistrans</ownerDesignName>
<nullsAllowed>true</nullsAllowed>
<useDomainConstraints>false</useDomainConstraints>
<use>1</use>
<logicalDatatype>A3A3C77D-0366-9768-FF89-1C25E56881C8</logicalDatatype>
<ownDataTypeParameters>,,</ownDataTypeParameters>
<autoIncrementCycle>false</autoIncrementCycle>
</Column>
<Column name="nombre" id="605D78B7-531A-F196-ABB8-0129EDC9F759">
<createdBy>marianapinedamiranda</createdBy>
<createdTime>2023-10-02 03:06:33 UTC</createdTime>
<generatorID>3B560D89-D812-8502-3655-C63329B45FC5</generatorID>
<ownerDesignName>ProyectoSistrans</ownerDesignName>
<nullsAllowed>true</nullsAllowed>
<useDomainConstraints>false</useDomainConstraints>
<use>1</use>
<logicalDatatype>LOGDT011</logicalDatatype>
<ownDataTypeParameters>,,</ownDataTypeParameters>
<autoIncrementCycle>false</autoIncrementCycle>
</Column>
</columns>
<indexes itemClass="oracle.dbtools.crest.model.design.relational.Index">
<ind_PK_UK id="9EA82EB8-A641-8EA8-4ED5-4F797424A1BB" name="Restaurantes_PK">
<createdBy>marianapinedamiranda</createdBy>
<createdTime>2023-10-02 03:06:33 UTC</createdTime>
<generatorID>AA52D276-FB5A-CDE6-407F-2F08084258F0</generatorID>
<ownerDesignName>ProyectoSistrans</ownerDesignName>
<pk>true</pk>
<indexState>Primary Constraint</indexState>
<isSurrogateKey>false</isSurrogateKey>
<indexColumnUsage>
<colUsage columnID="ADA56082-3C49-A87B-3AA8-0CBC92EFA921"/>
</indexColumnUsage>
</ind_PK_UK>
<ind_PK_UK id="0BBB7B29-EE74-195A-AEE4-542D691409ED" name="Restaurantes_Servicios_FK">
<createdBy>marianapinedamiranda</createdBy>
<createdTime>2023-10-02 03:06:33 UTC</createdTime>
<generatorID>4A097E11-CC95-5BD6-A3E7-6253F6ACB131</generatorID>
<ownerDesignName>ProyectoSistrans</ownerDesignName>
<indexState>Foreign Key</indexState>
<isSurrogateKey>false</isSurrogateKey>
<indexColumnUsage>
<colUsage columnID="ADA56082-3C49-A87B-3AA8-0CBC92EFA921"/>
</indexColumnUsage>
</ind_PK_UK>
</indexes>
</Table>