<?xml version = '1.0' encoding = 'UTF-8'?>
<Table class="oracle.dbtools.crest.model.design.relational.Table" directorySegmentName="seg_0" id="8E311664-5E44-BC4E-BFE3-07D2923B3FFB" name="Consumos">
<createdBy>marianapinedamiranda</createdBy>
<createdTime>2023-10-02 03:06:33 UTC</createdTime>
<generatorID>63C900FE-30F3-DE17-286A-BD51325D445D</generatorID>
<ownerDesignName>ProyectoSistrans</ownerDesignName>
<allowColumnReorder>false</allowColumnReorder>
<existDependencyGenerateInDDl>true</existDependencyGenerateInDDl>
<parsed>true</parsed>
<columns itemClass="oracle.dbtools.crest.model.design.relational.Column">
<Column name="id" id="EEE58A6C-228D-E9E8-9F8B-92452B6F4E4E">
<createdBy>marianapinedamiranda</createdBy>
<createdTime>2023-10-02 03:06:33 UTC</createdTime>
<generatorID>BDF46204-4A59-77EE-517E-82FF9B34906F</generatorID>
<ownerDesignName>ProyectoSistrans</ownerDesignName>
<nullsAllowed>true</nullsAllowed>
<useDomainConstraints>false</useDomainConstraints>
<use>1</use>
<logicalDatatype>LOGDT011</logicalDatatype>
<ownDataTypeParameters>,,</ownDataTypeParameters>
<autoIncrementCycle>false</autoIncrementCycle>
</Column>
<Column name="descripcion" id="A3DA030D-2FA9-78B6-783E-F7BB7057F6B5">
<createdBy>marianapinedamiranda</createdBy>
<createdTime>2023-10-02 03:06:33 UTC</createdTime>
<generatorID>291F00C9-2306-1180-1197-00F19A22FF31</generatorID>
<ownerDesignName>ProyectoSistrans</ownerDesignName>
<nullsAllowed>true</nullsAllowed>
<useDomainConstraints>false</useDomainConstraints>
<use>1</use>
<logicalDatatype>LOGDT024</logicalDatatype>
<dataTypeSize>500</dataTypeSize>
<ownDataTypeParameters>500,,</ownDataTypeParameters>
<autoIncrementCycle>false</autoIncrementCycle>
</Column>
<Column name="costo" id="0EFB229F-DE51-649A-968B-DBA5D3692E15">
<createdBy>marianapinedamiranda</createdBy>
<createdTime>2023-10-02 03:06:33 UTC</createdTime>
<generatorID>ED163A1F-23CA-6A41-8330-A6A399F01D61</generatorID>
<ownerDesignName>ProyectoSistrans</ownerDesignName>
<nullsAllowed>true</nullsAllowed>
<useDomainConstraints>false</useDomainConstraints>
<use>1</use>
<logicalDatatype>LOGDT020</logicalDatatype>
<ownDataTypeParameters>,,</ownDataTypeParameters>
<autoIncrementCycle>false</autoIncrementCycle>
</Column>
<Column name="fecha" id="1662315C-3492-6EC0-F8F7-EAFAE14F654B">
<createdBy>marianapinedamiranda</createdBy>
<createdTime>2023-10-02 03:06:33 UTC</createdTime>
<generatorID>8401AA6A-2793-8AE6-64F5-51F1BA179A21</generatorID>
<ownerDesignName>ProyectoSistrans</ownerDesignName>
<nullsAllowed>true</nullsAllowed>
<useDomainConstraints>false</useDomainConstraints>
<use>1</use>
<logicalDatatype>LOGDT007</logicalDatatype>
<ownDataTypeParameters>,,</ownDataTypeParameters>
<autoIncrementCycle>false</autoIncrementCycle>
</Column>
<Column name="Servicios_id_servicio" id="E0A170EC-444E-9470-9176-D63D97D8571C">
<createdBy>marianapinedamiranda</createdBy>
<createdTime>2023-10-02 03:06:33 UTC</createdTime>
<generatorID>3D21B610-956D-89AF-3492-11644B018AB0</generatorID>
<ownerDesignName>ProyectoSistrans</ownerDesignName>
<useDomainConstraints>false</useDomainConstraints>
<use>1</use>
<logicalDatatype>LOGDT011</logicalDatatype>
<ownDataTypeParameters>,,</ownDataTypeParameters>
<previousColumn>false</previousColumn>
<autoIncrementCycle>false</autoIncrementCycle>
<associations>
<colAssociation fkAssociation="58285727-9213-D69D-7606-18F26EBE2DE5" referredColumn="E4820D2E-E291-C1BF-9B95-6DF0510491BB"/>
</associations>
</Column>
<Column name="Habitaciones_id_habitacion" id="DEA3A2C1-7622-BDCE-879F-D723984E5D41">
<createdBy>marianapinedamiranda</createdBy>
<createdTime>2023-10-02 03:06:33 UTC</createdTime>
<generatorID>FC935306-F182-D40B-37DA-0CCEA9EFBB78</generatorID>
<ownerDesignName>ProyectoSistrans</ownerDesignName>
<useDomainConstraints>false</useDomainConstraints>
<use>1</use>
<logicalDatatype>LOGDT011</logicalDatatype>
<ownDataTypeParameters>,,</ownDataTypeParameters>
<previousColumn>false</previousColumn>
<autoIncrementCycle>false</autoIncrementCycle>
<associations>
<colAssociation fkAssociation="175C6390-68F3-3569-DD17-0ED17164BC7C" referredColumn="B913B6BA-30CC-E05D-ED75-02AE7EEFDCD2"/>
</associations>
</Column>
</columns>
<indexes itemClass="oracle.dbtools.crest.model.design.relational.Index">
<ind_PK_UK id="2FFAF523-A54B-DD39-EAA0-3D3A3772112D" name="Consumos_PK">
<createdBy>marianapinedamiranda</createdBy>
<createdTime>2023-10-02 03:06:33 UTC</createdTime>
<generatorID>DDD853C4-E767-9D9D-2030-E2FCB13BA586</generatorID>
<ownerDesignName>ProyectoSistrans</ownerDesignName>
<pk>true</pk>
<indexState>Primary Constraint</indexState>
<isSurrogateKey>false</isSurrogateKey>
<indexColumnUsage>
<colUsage columnID="E0A170EC-444E-9470-9176-D63D97D8571C"/>
<colUsage columnID="DEA3A2C1-7622-BDCE-879F-D723984E5D41"/>
</indexColumnUsage>
</ind_PK_UK>
<ind_PK_UK id="6A086FA6-4D7A-DC1A-E9F2-F5BE9233CB45" name="Consumos_Servicios_FK">
<createdBy>marianapinedamiranda</createdBy>
<createdTime>2023-10-02 03:06:33 UTC</createdTime>
<generatorID>A9BE220F-BE4D-C0D5-9832-A919D9D010C9</generatorID>
<ownerDesignName>ProyectoSistrans</ownerDesignName>
<indexState>Foreign Key</indexState>
<isSurrogateKey>false</isSurrogateKey>
<indexColumnUsage>
<colUsage columnID="E0A170EC-444E-9470-9176-D63D97D8571C"/>
</indexColumnUsage>
</ind_PK_UK>
<ind_PK_UK id="9D07CB56-0088-B1E9-D89D-0B4B0B5B2D99" name="Consumos_Habitaciones_FK">
<createdBy>marianapinedamiranda</createdBy>
<createdTime>2023-10-02 03:06:33 UTC</createdTime>
<generatorID>F53BE562-D5F3-531F-E658-93B72AE0E108</generatorID>
<ownerDesignName>ProyectoSistrans</ownerDesignName>
<indexState>Foreign Key</indexState>
<isSurrogateKey>false</isSurrogateKey>
<indexColumnUsage>
<colUsage columnID="DEA3A2C1-7622-BDCE-879F-D723984E5D41"/>
</indexColumnUsage>
</ind_PK_UK>
</indexes>
</Table>