<?xml version = '1.0' encoding = 'UTF-8'?>
<Table class="oracle.dbtools.crest.model.design.relational.Table" directorySegmentName="seg_0" id="952F0035-AE93-2778-48BB-77BA614ADCA2" name="Habitaciones">
<createdBy>marianapinedamiranda</createdBy>
<createdTime>2023-10-02 03:06:33 UTC</createdTime>
<generatorID>29E16AFA-B5FE-AF80-6CC7-54E4238D397D</generatorID>
<ownerDesignName>ProyectoSistrans</ownerDesignName>
<allowColumnReorder>false</allowColumnReorder>
<existDependencyGenerateInDDl>true</existDependencyGenerateInDDl>
<parsed>true</parsed>
<columns itemClass="oracle.dbtools.crest.model.design.relational.Column">
<Column name="tipo" id="673CF7CA-4EE0-E50B-BE5E-06B9AE781D24">
<createdBy>marianapinedamiranda</createdBy>
<createdTime>2023-10-02 03:06:33 UTC</createdTime>
<generatorID>353B8353-8264-FA2F-7EA1-8C3B40473D25</generatorID>
<ownerDesignName>ProyectoSistrans</ownerDesignName>
<useDomainConstraints>false</useDomainConstraints>
<use>1</use>
<logicalDatatype>A3A3C77D-0366-9768-FF89-1C25E56881C8</logicalDatatype>
<ownDataTypeParameters>,,</ownDataTypeParameters>
<autoIncrementCycle>false</autoIncrementCycle>
</Column>
<Column name="Hoteles_nombre" id="B664F38F-E9FF-A3A4-462F-235C140CDBE9">
<createdBy>marianapinedamiranda</createdBy>
<createdTime>2023-10-02 03:06:33 UTC</createdTime>
<generatorID>5A2EEF1E-EDA1-2879-F9A0-7070D4FC10EA</generatorID>
<ownerDesignName>ProyectoSistrans</ownerDesignName>
<useDomainConstraints>false</useDomainConstraints>
<use>1</use>
<logicalDatatype>A3A3C77D-0366-9768-FF89-1C25E56881C8</logicalDatatype>
<ownDataTypeParameters>,,</ownDataTypeParameters>
<previousColumn>false</previousColumn>
<autoIncrementCycle>false</autoIncrementCycle>
<associations>
<colAssociation fkAssociation="12D32F6B-B156-1013-014C-6B728142E0A0" referredColumn="7DA1A5DE-E5EA-CC3A-0F62-51DBD7948DD1"/>
</associations>
</Column>
<Column name="id_habitacion" id="B913B6BA-30CC-E05D-ED75-02AE7EEFDCD2">
<createdBy>marianapinedamiranda</createdBy>
<createdTime>2023-10-02 03:06:33 UTC</createdTime>
<generatorID>68B62C9C-0650-4E0A-641B-6EF7B74B85BE</generatorID>
<ownerDesignName>ProyectoSistrans</ownerDesignName>
<useDomainConstraints>false</useDomainConstraints>
<use>1</use>
<logicalDatatype>LOGDT011</logicalDatatype>
<ownDataTypeParameters>,,</ownDataTypeParameters>
<autoIncrementCycle>false</autoIncrementCycle>
</Column>
<Column name="TipoHabitacion_id" id="F348B5AD-7FCF-F63C-6FB4-47F79F23B77E">
<createdBy>marianapinedamiranda</createdBy>
<createdTime>2023-10-02 03:06:33 UTC</createdTime>
<generatorID>D03B3AAA-0EDE-6CF9-08EC-82900D5C3BA8</generatorID>
<ownerDesignName>ProyectoSistrans</ownerDesignName>
<useDomainConstraints>false</useDomainConstraints>
<use>1</use>
<logicalDatatype>LOGDT011</logicalDatatype>
<ownDataTypeParameters>,,</ownDataTypeParameters>
<previousColumn>false</previousColumn>
<autoIncrementCycle>false</autoIncrementCycle>
<associations>
<colAssociation fkAssociation="DEE9D0E8-A8DB-A69D-D8D7-55AAF9842CB9" referredColumn="67B54B79-8F72-1887-47D1-51084CEEAABF"/>
</associations>
</Column>
</columns>
<indexes itemClass="oracle.dbtools.crest.model.design.relational.Index">
<ind_PK_UK id="6E5D96AF-DEC0-2909-1575-5B6A494725A3" name="Habitaciones_PK">
<createdBy>marianapinedamiranda</createdBy>
<createdTime>2023-10-02 03:06:33 UTC</createdTime>
<generatorID>D5137FB8-340B-019B-DC82-78B6F2D4ED86</generatorID>
<ownerDesignName>ProyectoSistrans</ownerDesignName>
<pk>true</pk>
<indexState>Primary Constraint</indexState>
<isSurrogateKey>false</isSurrogateKey>
<indexColumnUsage>
<colUsage columnID="B913B6BA-30CC-E05D-ED75-02AE7EEFDCD2"/>
</indexColumnUsage>
</ind_PK_UK>
<ind_PK_UK id="72F14491-2762-7FE9-1902-0C4F0CD2A15B" name="Habitaciones_Hoteles_FK">
<createdBy>marianapinedamiranda</createdBy>
<createdTime>2023-10-02 03:06:33 UTC</createdTime>
<generatorID>88D30F4F-EE73-6C9E-7732-3D61E7FDB8C4</generatorID>
<ownerDesignName>ProyectoSistrans</ownerDesignName>
<indexState>Foreign Key</indexState>
<isSurrogateKey>false</isSurrogateKey>
<indexColumnUsage>
<colUsage columnID="B664F38F-E9FF-A3A4-462F-235C140CDBE9"/>
</indexColumnUsage>
</ind_PK_UK>
<ind_PK_UK id="AC2D59EE-085B-87DF-B5B0-B66FF6AD5C66" name="Habitaciones_TipoHabitacion_FK">
<createdBy>marianapinedamiranda</createdBy>
<createdTime>2023-10-02 03:06:34 UTC</createdTime>
<generatorID>6D2898E2-44E4-07FF-4505-43D82EC512DE</generatorID>
<ownerDesignName>ProyectoSistrans</ownerDesignName>
<indexState>Foreign Key</indexState>
<isSurrogateKey>false</isSurrogateKey>
<indexColumnUsage>
<colUsage columnID="F348B5AD-7FCF-F63C-6FB4-47F79F23B77E"/>
</indexColumnUsage>
</ind_PK_UK>
</indexes>
</Table>