<?xml version = '1.0' encoding = 'UTF-8'?>
<Table class="oracle.dbtools.crest.model.design.relational.Table" directorySegmentName="seg_0" id="973FD66D-8328-4AA0-FDB7-031B8C075B7B" name="Clientes">
<createdBy>marianapinedamiranda</createdBy>
<createdTime>2023-10-02 03:06:33 UTC</createdTime>
<generatorID>60E82226-1432-B4EA-D90C-3158C9AA5E45</generatorID>
<ownerDesignName>ProyectoSistrans</ownerDesignName>
<allowColumnReorder>false</allowColumnReorder>
<existDependencyGenerateInDDl>true</existDependencyGenerateInDDl>
<parsed>true</parsed>
<columns itemClass="oracle.dbtools.crest.model.design.relational.Column">
<Column name="id" id="B7A3873F-6157-5D8E-FBF4-F31FD60A85B9">
<createdBy>marianapinedamiranda</createdBy>
<createdTime>2023-10-02 03:06:33 UTC</createdTime>
<generatorID>152B75A3-1F13-3E89-1374-4E2A00AFC955</generatorID>
<ownerDesignName>ProyectoSistrans</ownerDesignName>
<useDomainConstraints>false</useDomainConstraints>
<use>1</use>
<logicalDatatype>LOGDT011</logicalDatatype>
<ownDataTypeParameters>,,</ownDataTypeParameters>
<autoIncrementCycle>false</autoIncrementCycle>
<associations>
<colAssociation fkAssociation="6DC8FA3F-3D11-26D6-759B-45957582583E" referredColumn="A71E382F-D84C-9BB9-EF63-7BE430CE77F6"/>
</associations>
</Column>
<Column name="nombre" id="F96DD40F-0873-9F6C-EA03-6AAB7181991F">
<createdBy>marianapinedamiranda</createdBy>
<createdTime>2023-10-02 03:06:33 UTC</createdTime>
<generatorID>BD9C2C80-FD56-DC93-69EF-949B5D25F365</generatorID>
<ownerDesignName>ProyectoSistrans</ownerDesignName>
<useDomainConstraints>false</useDomainConstraints>
<use>1</use>
<logicalDatatype>A3A3C77D-0366-9768-FF89-1C25E56881C8</logicalDatatype>
<ownDataTypeParameters>,,</ownDataTypeParameters>
<autoIncrementCycle>false</autoIncrementCycle>
</Column>
<Column name="Reservas_id" id="034B5672-322E-87C1-E238-3F469A672ED7">
<createdBy>marianapinedamiranda</createdBy>
<createdTime>2023-10-02 03:06:33 UTC</createdTime>
<generatorID>8750E23E-7EAF-5E59-E673-F936F39DC02A</generatorID>
<ownerDesignName>ProyectoSistrans</ownerDesignName>
<useDomainConstraints>false</useDomainConstraints>
<use>1</use>
<logicalDatatype>LOGDT011</logicalDatatype>
<ownDataTypeParameters>,,</ownDataTypeParameters>
<previousColumn>false</previousColumn>
<autoIncrementCycle>false</autoIncrementCycle>
<associations>
<colAssociation fkAssociation="30D6DFAC-7ABB-C619-DE9B-69B7953824CB" referredColumn="6CA6935E-894B-8F97-A45C-2031E8937EB1"/>
</associations>
</Column>
<Column name="numAcompañantes" id="6E75417C-AE01-1A2A-5716-4E07E35FD734">
<createdBy>marianapinedamiranda</createdBy>
<createdTime>2023-10-02 03:06:33 UTC</createdTime>
<generatorID>ECF5772C-6102-2779-C0B0-CD8D57669938</generatorID>
<ownerDesignName>ProyectoSistrans</ownerDesignName>
<nullsAllowed>true</nullsAllowed>
<useDomainConstraints>false</useDomainConstraints>
<use>1</use>
<logicalDatatype>LOGDT011</logicalDatatype>
<ownDataTypeParameters>,,</ownDataTypeParameters>
<autoIncrementCycle>false</autoIncrementCycle>
</Column>
</columns>
<indexes itemClass="oracle.dbtools.crest.model.design.relational.Index">
<ind_PK_UK id="5FC63DDC-7687-3853-F404-809BB4C08607" name="Clientes_PK">
<createdBy>marianapinedamiranda</createdBy>
<createdTime>2023-10-02 03:06:33 UTC</createdTime>
<generatorID>78717968-0D87-E83F-1816-58065FE99DED</generatorID>
<ownerDesignName>ProyectoSistrans</ownerDesignName>
<pk>true</pk>
<indexState>Primary Constraint</indexState>
<isSurrogateKey>false</isSurrogateKey>
<indexColumnUsage>
<colUsage columnID="B7A3873F-6157-5D8E-FBF4-F31FD60A85B9"/>
</indexColumnUsage>
</ind_PK_UK>
<ind_PK_UK id="1C7A6AC2-5046-0DED-1278-0961A4B63A19" name="Clientes__IDX">
<createdBy>marianapinedamiranda</createdBy>
<createdTime>2023-10-02 03:06:33 UTC</createdTime>
<ownerDesignName>ProyectoSistrans</ownerDesignName>
<indexState>Unique Plain Index</indexState>
<isSurrogateKey>false</isSurrogateKey>
<relationGeneratorID>C1998703-9005-CDA9-E82D-B97E290977AC</relationGeneratorID>
<indexColumnUsage>
<colUsage columnID="034B5672-322E-87C1-E238-3F469A672ED7"/>
</indexColumnUsage>
</ind_PK_UK>
<ind_PK_UK id="28774A49-D32C-8868-A505-E9A87B50BD88" name="Clientes_Usuarios_FK">
<createdBy>marianapinedamiranda</createdBy>
<createdTime>2023-10-02 03:06:33 UTC</createdTime>
<generatorID>398A8078-66AF-7183-790D-B7A29D69E07C</generatorID>
<ownerDesignName>ProyectoSistrans</ownerDesignName>
<indexState>Foreign Key</indexState>
<isSurrogateKey>false</isSurrogateKey>
<indexColumnUsage>
<colUsage columnID="B7A3873F-6157-5D8E-FBF4-F31FD60A85B9"/>
</indexColumnUsage>
</ind_PK_UK>
<ind_PK_UK id="A026F814-1417-F996-58D7-365C3D45D0B7" name="Clientes_Reservas_FK">
<createdBy>marianapinedamiranda</createdBy>
<createdTime>2023-10-02 03:06:33 UTC</createdTime>
<generatorID>C1998703-9005-CDA9-E82D-B97E290977AC</generatorID>
<ownerDesignName>ProyectoSistrans</ownerDesignName>
<indexState>Foreign Key</indexState>
<isSurrogateKey>false</isSurrogateKey>
<indexColumnUsage>
<colUsage columnID="034B5672-322E-87C1-E238-3F469A672ED7"/>
</indexColumnUsage>
</ind_PK_UK>
</indexes>
</Table>