<?xml version = '1.0' encoding = 'UTF-8'?>
<Table class="oracle.dbtools.crest.model.design.relational.Table" directorySegmentName="seg_0" id="BCBEC972-D4D0-4184-127A-DB037B112D95" name="Reservas">
<createdBy>marianapinedamiranda</createdBy>
<createdTime>2023-10-02 03:06:33 UTC</createdTime>
<generatorID>C5A636AB-22A2-A820-8B21-4AB9F340D036</generatorID>
<ownerDesignName>ProyectoSistrans</ownerDesignName>
<allowColumnReorder>false</allowColumnReorder>
<existDependencyGenerateInDDl>true</existDependencyGenerateInDDl>
<parsed>true</parsed>
<columns itemClass="oracle.dbtools.crest.model.design.relational.Column">
<Column name="fecha_entrada" id="01CA0586-9408-6CFC-1D92-4114FBC74487">
<createdBy>marianapinedamiranda</createdBy>
<createdTime>2023-10-02 03:06:33 UTC</createdTime>
<generatorID>A4B42831-F385-2A9D-DD64-89AC76BA262E</generatorID>
<ownerDesignName>ProyectoSistrans</ownerDesignName>
<useDomainConstraints>false</useDomainConstraints>
<use>1</use>
<logicalDatatype>A3A3C77D-0366-9768-FF89-1C25E56881C8</logicalDatatype>
<ownDataTypeParameters>,,</ownDataTypeParameters>
<autoIncrementCycle>false</autoIncrementCycle>
</Column>
<Column name="tipo" id="B58C876E-A0BE-CDCE-8789-0A39129B75AA">
<createdBy>marianapinedamiranda</createdBy>
<createdTime>2023-10-02 03:06:33 UTC</createdTime>
<generatorID>FF1052B2-42E9-D8FC-F3A8-F70E4F443C9A</generatorID>
<ownerDesignName>ProyectoSistrans</ownerDesignName>
<useDomainConstraints>false</useDomainConstraints>
<use>1</use>
<logicalDatatype>A3A3C77D-0366-9768-FF89-1C25E56881C8</logicalDatatype>
<ownDataTypeParameters>,,</ownDataTypeParameters>
<autoIncrementCycle>false</autoIncrementCycle>
</Column>
<Column name="fecha_salida" id="E591EAC1-5812-9190-9AF8-508245D72477">
<createdBy>marianapinedamiranda</createdBy>
<createdTime>2023-10-02 03:06:33 UTC</createdTime>
<generatorID>3153E065-C517-F6D0-9E41-5B32A243D0C2</generatorID>
<ownerDesignName>ProyectoSistrans</ownerDesignName>
<useDomainConstraints>false</useDomainConstraints>
<use>1</use>
<logicalDatatype>A3A3C77D-0366-9768-FF89-1C25E56881C8</logicalDatatype>
<ownDataTypeParameters>,,</ownDataTypeParameters>
<autoIncrementCycle>false</autoIncrementCycle>
</Column>
<Column name="responsable" id="5E3DCF53-8FE9-73E5-5C5D-CE59FC2BA092">
<createdBy>marianapinedamiranda</createdBy>
<createdTime>2023-10-02 03:06:33 UTC</createdTime>
<generatorID>6315A63A-B109-9190-58DF-E45C6F33D876</generatorID>
<ownerDesignName>ProyectoSistrans</ownerDesignName>
<nullsAllowed>true</nullsAllowed>
<useDomainConstraints>false</useDomainConstraints>
<use>1</use>
<logicalDatatype>A3A3C77D-0366-9768-FF89-1C25E56881C8</logicalDatatype>
<ownDataTypeParameters>,,</ownDataTypeParameters>
<autoIncrementCycle>false</autoIncrementCycle>
</Column>
<Column name="Hoteles_nombre" id="0F67A168-9C17-BE04-2D44-C4964001D73B">
<createdBy>marianapinedamiranda</createdBy>
<createdTime>2023-10-02 03:06:33 UTC</createdTime>
<generatorID>42E40F77-73EE-DC4C-05EF-F7ABCD7B76AB</generatorID>
<ownerDesignName>ProyectoSistrans</ownerDesignName>
<useDomainConstraints>false</useDomainConstraints>
<use>1</use>
<logicalDatatype>A3A3C77D-0366-9768-FF89-1C25E56881C8</logicalDatatype>
<ownDataTypeParameters>,,</ownDataTypeParameters>
<previousColumn>false</previousColumn>
<autoIncrementCycle>false</autoIncrementCycle>
<associations>
<colAssociation fkAssociation="287F7254-0FD7-E4C2-23E6-1E1D5F2C8966" referredColumn="7DA1A5DE-E5EA-CC3A-0F62-51DBD7948DD1"/>
</associations>
</Column>
<Column name="id" id="6CA6935E-894B-8F97-A45C-2031E8937EB1">
<createdBy>marianapinedamiranda</createdBy>
<createdTime>2023-10-02 03:06:33 UTC</createdTime>
<generatorID>20059210-6213-BDB0-118A-45CE2144AF17</generatorID>
<ownerDesignName>ProyectoSistrans</ownerDesignName>
<useDomainConstraints>false</useDomainConstraints>
<use>1</use>
<logicalDatatype>LOGDT011</logicalDatatype>
<ownDataTypeParameters>,,</ownDataTypeParameters>
<autoIncrementCycle>false</autoIncrementCycle>
</Column>
<Column name="Checkins_id_checkin" id="EDBB4326-DE32-921E-16E4-59FAB6806DA3">
<createdBy>marianapinedamiranda</createdBy>
<createdTime>2023-10-02 03:06:33 UTC</createdTime>
<generatorID>78359D89-66D6-E379-394E-BAD32AF66A42</generatorID>
<ownerDesignName>ProyectoSistrans</ownerDesignName>
<useDomainConstraints>false</useDomainConstraints>
<use>1</use>
<logicalDatatype>LOGDT011</logicalDatatype>
<ownDataTypeParameters>,,</ownDataTypeParameters>
<previousColumn>false</previousColumn>
<autoIncrementCycle>false</autoIncrementCycle>
<associations>
<colAssociation fkAssociation="8C956BC2-DF3C-AC75-6594-8DCD7C7F8731" referredColumn="2F21F514-5E74-EF46-7313-B64E73CAD721"/>
</associations>
</Column>
<Column name="Checkouts_id_checkout" id="7BE78E03-3A7D-F234-03E5-7A42FA52A5AC">
<createdBy>marianapinedamiranda</createdBy>
<createdTime>2023-10-02 03:06:33 UTC</createdTime>
<generatorID>9BFAAEB3-66E5-B53A-E11F-49BAACA683FD</generatorID>
<ownerDesignName>ProyectoSistrans</ownerDesignName>
<useDomainConstraints>false</useDomainConstraints>
<use>1</use>
<logicalDatatype>LOGDT011</logicalDatatype>
<ownDataTypeParameters>,,</ownDataTypeParameters>
<previousColumn>false</previousColumn>
<autoIncrementCycle>false</autoIncrementCycle>
<associations>
<colAssociation fkAssociation="6FA387E7-B448-AD63-5BA4-9381AD9CAA66" referredColumn="7DF36C30-666B-1EC0-AD63-A145D55AC1A2"/>
</associations>
</Column>
<Column name="Planes_id" id="6C0A7ADC-DC4A-AD67-D6A9-47F45C664391">
<createdBy>marianapinedamiranda</createdBy>
<createdTime>2023-10-02 03:06:33 UTC</createdTime>
<generatorID>AEF1D147-6D3B-9915-CA49-0B07ED0A6B64</generatorID>
<ownerDesignName>ProyectoSistrans</ownerDesignName>
<useDomainConstraints>false</useDomainConstraints>
<use>1</use>
<logicalDatatype>LOGDT024</logicalDatatype>
<dataTypeSize>20</dataTypeSize>
<ownDataTypeParameters>,,</ownDataTypeParameters>
<previousColumn>false</previousColumn>
<autoIncrementCycle>false</autoIncrementCycle>
<associations>
<colAssociation fkAssociation="8C60E1A0-7DE1-B127-F70F-C9457E55F81A" referredColumn="3E535AB5-8D0A-8CB0-7505-99DB37948CBA"/>
</associations>
</Column>
<Column name="Clientes_id" id="F69A4A78-B1F4-3FBF-9241-2BCB1ED74342">
<createdBy>marianapinedamiranda</createdBy>
<createdTime>2023-10-02 03:06:33 UTC</createdTime>
<generatorID>084D9B5E-491C-90C7-E09C-818D28986080</generatorID>
<ownerDesignName>ProyectoSistrans</ownerDesignName>
<useDomainConstraints>false</useDomainConstraints>
<use>1</use>
<logicalDatatype>LOGDT011</logicalDatatype>
<ownDataTypeParameters>,,</ownDataTypeParameters>
<previousColumn>false</previousColumn>
<autoIncrementCycle>false</autoIncrementCycle>
<associations>
<colAssociation fkAssociation="A3433507-77B9-9301-231B-07BE3D7F19B3" referredColumn="B7A3873F-6157-5D8E-FBF4-F31FD60A85B9"/>
</associations>
</Column>
<Column name="cantidadPersonas" id="7FB88EB3-3C12-276B-CFA2-820DD47AEFF9">
<createdBy>marianapinedamiranda</createdBy>
<createdTime>2023-10-02 03:06:33 UTC</createdTime>
<generatorID>BFE31256-8967-1F35-C55E-74FA89C5E873</generatorID>
<ownerDesignName>ProyectoSistrans</ownerDesignName>
<nullsAllowed>true</nullsAllowed>
<useDomainConstraints>false</useDomainConstraints>
<use>1</use>
<logicalDatatype>LOGDT011</logicalDatatype>
<ownDataTypeParameters>,,</ownDataTypeParameters>
<autoIncrementCycle>false</autoIncrementCycle>
</Column>
</columns>
<indexes itemClass="oracle.dbtools.crest.model.design.relational.Index">
<ind_PK_UK id="CD392BFF-73E9-27BD-3CC0-BF33C5D59E2E" name="Reservas_PK">
<createdBy>marianapinedamiranda</createdBy>
<createdTime>2023-10-02 03:06:33 UTC</createdTime>
<generatorID>A999F033-63B1-F6E3-0440-C3EFE48D1D55</generatorID>
<ownerDesignName>ProyectoSistrans</ownerDesignName>
<pk>true</pk>
<indexState>Primary Constraint</indexState>
<isSurrogateKey>false</isSurrogateKey>
<indexColumnUsage>
<colUsage columnID="6CA6935E-894B-8F97-A45C-2031E8937EB1"/>
</indexColumnUsage>
</ind_PK_UK>
<ind_PK_UK id="25230E53-305B-6E86-11D1-71091F341A49" name="Reservas__IDX">
<createdBy>marianapinedamiranda</createdBy>
<createdTime>2023-10-02 03:06:33 UTC</createdTime>
<ownerDesignName>ProyectoSistrans</ownerDesignName>
<indexState>Unique Plain Index</indexState>
<isSurrogateKey>false</isSurrogateKey>
<relationGeneratorID>C1998703-9005-CDA9-E82D-B97E290977AC</relationGeneratorID>
<indexColumnUsage>
<colUsage columnID="F69A4A78-B1F4-3FBF-9241-2BCB1ED74342"/>
</indexColumnUsage>
</ind_PK_UK>
<ind_PK_UK id="61BC96E2-FE24-1B6D-B2C5-074A31287D20" name="Reservas__IDXv1">
<createdBy>marianapinedamiranda</createdBy>
<createdTime>2023-10-02 03:06:34 UTC</createdTime>
<ownerDesignName>ProyectoSistrans</ownerDesignName>
<indexState>Unique Plain Index</indexState>
<isSurrogateKey>false</isSurrogateKey>
<relationGeneratorID>F6D20008-340E-3D1A-B21D-A6EA7E7A33DF</relationGeneratorID>
<indexColumnUsage>
<colUsage columnID="7BE78E03-3A7D-F234-03E5-7A42FA52A5AC"/>
</indexColumnUsage>
</ind_PK_UK>
<ind_PK_UK id="C16F0887-35D3-CC83-071C-404A1EA34033" name="Reservas__IDXv2">
<createdBy>marianapinedamiranda</createdBy>
<createdTime>2023-10-02 03:06:34 UTC</createdTime>
<ownerDesignName>ProyectoSistrans</ownerDesignName>
<indexState>Unique Plain Index</indexState>
<isSurrogateKey>false</isSurrogateKey>
<relationGeneratorID>EC4CFB2A-2E12-50FA-7730-457FFD825534</relationGeneratorID>
<indexColumnUsage>
<colUsage columnID="EDBB4326-DE32-921E-16E4-59FAB6806DA3"/>
</indexColumnUsage>
</ind_PK_UK>
<ind_PK_UK id="66290D25-1F4B-11B6-0F00-1EACAA22FCCC" name="Reservas_Clientes_FK">
<createdBy>marianapinedamiranda</createdBy>
<createdTime>2023-10-02 03:06:33 UTC</createdTime>
<generatorID>C1998703-9005-CDA9-E82D-B97E290977AC</generatorID>
<ownerDesignName>ProyectoSistrans</ownerDesignName>
<indexState>Foreign Key</indexState>
<isSurrogateKey>false</isSurrogateKey>
<indexColumnUsage>
<colUsage columnID="F69A4A78-B1F4-3FBF-9241-2BCB1ED74342"/>
</indexColumnUsage>
</ind_PK_UK>
<ind_PK_UK id="B20FEB0C-FB5C-E068-4772-1611890578D1" name="Reservas_Hoteles_FK">
<createdBy>marianapinedamiranda</createdBy>
<createdTime>2023-10-02 03:06:33 UTC</createdTime>
<generatorID>44450ECE-988E-724B-3832-4155B9F0FA30</generatorID>
<ownerDesignName>ProyectoSistrans</ownerDesignName>
<indexState>Foreign Key</indexState>
<isSurrogateKey>false</isSurrogateKey>
<indexColumnUsage>
<colUsage columnID="0F67A168-9C17-BE04-2D44-C4964001D73B"/>
</indexColumnUsage>
</ind_PK_UK>
<ind_PK_UK id="9691562B-335F-4E80-1639-7B2B82C01E1D" name="Reservas_Planes_FK">
<createdBy>marianapinedamiranda</createdBy>
<createdTime>2023-10-02 03:06:33 UTC</createdTime>
<generatorID>F74CAEA9-163B-DD4F-842C-0D85C2424517</generatorID>
<ownerDesignName>ProyectoSistrans</ownerDesignName>
<indexState>Foreign Key</indexState>
<isSurrogateKey>false</isSurrogateKey>
<indexColumnUsage>
<colUsage columnID="6C0A7ADC-DC4A-AD67-D6A9-47F45C664391"/>
</indexColumnUsage>
</ind_PK_UK>
<ind_PK_UK id="8CEC9610-25F8-B0A2-DA91-6875D39AC87F" name="Reservas_Checkouts_FK">
<createdBy>marianapinedamiranda</createdBy>
<createdTime>2023-10-02 03:06:33 UTC</createdTime>
<generatorID>F6D20008-340E-3D1A-B21D-A6EA7E7A33DF</generatorID>
<ownerDesignName>ProyectoSistrans</ownerDesignName>
<indexState>Foreign Key</indexState>
<isSurrogateKey>false</isSurrogateKey>
<indexColumnUsage>
<colUsage columnID="7BE78E03-3A7D-F234-03E5-7A42FA52A5AC"/>
</indexColumnUsage>
</ind_PK_UK>
<ind_PK_UK id="622A01DB-F3D7-95DE-A5E8-246036C6131A" name="Reservas_Checkins_FK">
<createdBy>marianapinedamiranda</createdBy>
<createdTime>2023-10-02 03:06:34 UTC</createdTime>
<generatorID>EC4CFB2A-2E12-50FA-7730-457FFD825534</generatorID>
<ownerDesignName>ProyectoSistrans</ownerDesignName>
<indexState>Foreign Key</indexState>
<isSurrogateKey>false</isSurrogateKey>
<indexColumnUsage>
<colUsage columnID="EDBB4326-DE32-921E-16E4-59FAB6806DA3"/>
</indexColumnUsage>
</ind_PK_UK>
</indexes>
</Table>