<?xml version = '1.0' encoding = 'UTF-8'?>
<Table class="oracle.dbtools.crest.model.design.relational.Table" directorySegmentName="seg_0" id="035AA452-C53D-0BE0-B4DC-81038BE2B392" name="Checkouts">
<createdBy>marianapinedamiranda</createdBy>
<createdTime>2023-10-02 02:52:29 UTC</createdTime>
<generatorID>1185897D-4652-CE2F-BB55-85F4761C28B0</generatorID>
<ownerDesignName>ProyectoSistrans</ownerDesignName>
<allowColumnReorder>false</allowColumnReorder>
<existDependencyGenerateInDDl>true</existDependencyGenerateInDDl>
<parsed>true</parsed>
<columns itemClass="oracle.dbtools.crest.model.design.relational.Column">
<Column name="Reservas_id" id="F3838B44-ABB9-AD64-FE74-E8C7ED846CDD">
<createdBy>marianapinedamiranda</createdBy>
<createdTime>2023-10-02 02:52:29 UTC</createdTime>
<generatorID>7827AFD6-24C9-6DCE-6947-0B1933CA86FE</generatorID>
<ownerDesignName>ProyectoSistrans</ownerDesignName>
<useDomainConstraints>false</useDomainConstraints>
<use>1</use>
<logicalDatatype>LOGDT011</logicalDatatype>
<ownDataTypeParameters>,,</ownDataTypeParameters>
<previousColumn>false</previousColumn>
<autoIncrementCycle>false</autoIncrementCycle>
</Column>
<Column name="id_checkout" id="9CD10CB9-65CC-002F-F8D7-1032DF007D10">
<createdBy>marianapinedamiranda</createdBy>
<createdTime>2023-10-02 02:52:29 UTC</createdTime>
<generatorID>5C680E10-EF70-4C94-51C7-049826E31E9A</generatorID>
<ownerDesignName>ProyectoSistrans</ownerDesignName>
<useDomainConstraints>false</useDomainConstraints>
<use>1</use>
<logicalDatatype>LOGDT011</logicalDatatype>
<ownDataTypeParameters>,,</ownDataTypeParameters>
<autoIncrementCycle>false</autoIncrementCycle>
</Column>
<Column name="Clientes_id" id="18CAD228-1999-9071-8D08-478E9943C9C4">
<createdBy>marianapinedamiranda</createdBy>
<createdTime>2023-10-02 02:52:29 UTC</createdTime>
<generatorID>45974315-953D-BCCC-C7BD-67586035E16E</generatorID>
<ownerDesignName>ProyectoSistrans</ownerDesignName>
<useDomainConstraints>false</useDomainConstraints>
<use>1</use>
<logicalDatatype>LOGDT011</logicalDatatype>
<ownDataTypeParameters>,,</ownDataTypeParameters>
<previousColumn>false</previousColumn>
<autoIncrementCycle>false</autoIncrementCycle>
<associations>
<colAssociation fkAssociation="55389119-7D73-8A91-9D40-925EA75B329B" referredColumn="4AA7A151-649D-4216-F4B2-D1537A990667"/>
</associations>
</Column>
<Column name="Empleados_id" id="1D2610B3-7C57-08CF-8231-28187BBE01C7">
<createdBy>marianapinedamiranda</createdBy>
<createdTime>2023-10-02 02:52:29 UTC</createdTime>
<generatorID>123B13E0-2251-748F-BC5B-525424A1CF58</generatorID>
<ownerDesignName>ProyectoSistrans</ownerDesignName>
<useDomainConstraints>false</useDomainConstraints>
<use>1</use>
<logicalDatatype>LOGDT011</logicalDatatype>
<ownDataTypeParameters>,,</ownDataTypeParameters>
<previousColumn>false</previousColumn>
<autoIncrementCycle>false</autoIncrementCycle>
<associations>
<colAssociation fkAssociation="660039BA-4012-C624-18F7-AB686D82501E" referredColumn="3E9E37EE-5036-5258-A82F-3FA1D4D5452F"/>
</associations>
</Column>
</columns>
<indexes itemClass="oracle.dbtools.crest.model.design.relational.Index">
<ind_PK_UK id="5FB25D62-5316-1DA2-6F83-6508F616AE39" name="Checkouts_PK">
<createdBy>marianapinedamiranda</createdBy>
<createdTime>2023-10-02 02:52:29 UTC</createdTime>
<generatorID>D3FE9E5C-57DB-A726-5DF9-AB4F82B10B3E</generatorID>
<ownerDesignName>ProyectoSistrans</ownerDesignName>
<pk>true</pk>
<indexState>Primary Constraint</indexState>
<isSurrogateKey>false</isSurrogateKey>
<indexColumnUsage>
<colUsage columnID="9CD10CB9-65CC-002F-F8D7-1032DF007D10"/>
</indexColumnUsage>
</ind_PK_UK>
<ind_PK_UK id="F99A2ABC-5D85-473C-4214-1AC18D392194" name="Checkouts__IDX">
<createdBy>marianapinedamiranda</createdBy>
<createdTime>2023-10-02 02:52:30 UTC</createdTime>
<ownerDesignName>ProyectoSistrans</ownerDesignName>
<indexState>Unique Plain Index</indexState>
<isSurrogateKey>false</isSurrogateKey>
<relationGeneratorID>F6D20008-340E-3D1A-B21D-A6EA7E7A33DF</relationGeneratorID>
<indexColumnUsage>
<colUsage columnID="F3838B44-ABB9-AD64-FE74-E8C7ED846CDD"/>
</indexColumnUsage>
</ind_PK_UK>
<ind_PK_UK id="FB6E53D3-632C-1AF0-0A42-7385A82DB5ED" name="Checkouts_Clientes_FK">
<createdBy>marianapinedamiranda</createdBy>
<createdTime>2023-10-02 02:52:30 UTC</createdTime>
<generatorID>B99B7840-CABB-CA93-8D9F-5AF0F755BBBA</generatorID>
<ownerDesignName>ProyectoSistrans</ownerDesignName>
<indexState>Foreign Key</indexState>
<isSurrogateKey>false</isSurrogateKey>
<indexColumnUsage>
<colUsage columnID="18CAD228-1999-9071-8D08-478E9943C9C4"/>
</indexColumnUsage>
</ind_PK_UK>
<ind_PK_UK id="6F5612B3-50FB-2288-17C3-C996138E4925" name="Checkouts_Empleados_FK">
<createdBy>marianapinedamiranda</createdBy>
<createdTime>2023-10-02 02:52:30 UTC</createdTime>
<generatorID>5B4F01C0-C389-BA16-65F7-DC3A03164459</generatorID>
<ownerDesignName>ProyectoSistrans</ownerDesignName>
<indexState>Foreign Key</indexState>
<isSurrogateKey>false</isSurrogateKey>
<indexColumnUsage>
<colUsage columnID="1D2610B3-7C57-08CF-8231-28187BBE01C7"/>
</indexColumnUsage>
</ind_PK_UK>
</indexes>
</Table>