<?xml version = '1.0' encoding = 'UTF-8'?>
<Table class="oracle.dbtools.crest.model.design.relational.Table" directorySegmentName="seg_0" id="1E73CE4C-391B-3C1B-BC36-FF7DA57A0A98" name="Hoteles">
<createdBy>marianapinedamiranda</createdBy>
<createdTime>2023-10-02 02:52:29 UTC</createdTime>
<generatorID>14509C8F-F4C5-D387-21E7-CCE93846500E</generatorID>
<ownerDesignName>ProyectoSistrans</ownerDesignName>
<allowColumnReorder>false</allowColumnReorder>
<existDependencyGenerateInDDl>true</existDependencyGenerateInDDl>
<parsed>true</parsed>
<columns itemClass="oracle.dbtools.crest.model.design.relational.Column">
<Column name="nombre" id="5CEE365C-AD65-0918-7DCF-B58284A5232B">
<createdBy>marianapinedamiranda</createdBy>
<createdTime>2023-10-02 02:52:29 UTC</createdTime>
<generatorID>F120C7B1-10E8-6EA4-D8E7-5843E488E8FB</generatorID>
<ownerDesignName>ProyectoSistrans</ownerDesignName>
<useDomainConstraints>false</useDomainConstraints>
<use>1</use>
<logicalDatatype>A3A3C77D-0366-9768-FF89-1C25E56881C8</logicalDatatype>
<ownDataTypeParameters>,,</ownDataTypeParameters>
<autoIncrementCycle>false</autoIncrementCycle>
</Column>
<Column name="ubicacion" id="776EDB9A-3A30-9FE4-34E7-AF684F5C713C">
<createdBy>marianapinedamiranda</createdBy>
<createdTime>2023-10-02 02:52:29 UTC</createdTime>
<generatorID>5A3057B1-F1A1-6927-67E6-65AAA1BF21E1</generatorID>
<ownerDesignName>ProyectoSistrans</ownerDesignName>
<useDomainConstraints>false</useDomainConstraints>
<use>1</use>
<logicalDatatype>A3A3C77D-0366-9768-FF89-1C25E56881C8</logicalDatatype>
<ownDataTypeParameters>,,</ownDataTypeParameters>
<autoIncrementCycle>false</autoIncrementCycle>
</Column>
<Column name="capacidad" id="BAD10AD2-ECE6-9DBE-8CE7-371C8912C26A">
<createdBy>marianapinedamiranda</createdBy>
<createdTime>2023-10-02 02:52:29 UTC</createdTime>
<generatorID>70163E58-79F1-B988-A76F-9987FD19FF83</generatorID>
<ownerDesignName>ProyectoSistrans</ownerDesignName>
<useDomainConstraints>false</useDomainConstraints>
<use>1</use>
<logicalDatatype>LOGDT011</logicalDatatype>
<ownDataTypeParameters>,,</ownDataTypeParameters>
<autoIncrementCycle>false</autoIncrementCycle>
</Column>
</columns>
<indexes itemClass="oracle.dbtools.crest.model.design.relational.Index">
<ind_PK_UK id="AFE51BA9-CAC0-1828-87E6-2A5EFD605B72" name="Hoteles_PK">
<createdBy>marianapinedamiranda</createdBy>
<createdTime>2023-10-02 02:52:29 UTC</createdTime>
<generatorID>C5A94340-16F4-FE5C-E2FD-6B6F2AC1526F</generatorID>
<ownerDesignName>ProyectoSistrans</ownerDesignName>
<pk>true</pk>
<indexState>Primary Constraint</indexState>
<isSurrogateKey>false</isSurrogateKey>
<indexColumnUsage>
<colUsage columnID="5CEE365C-AD65-0918-7DCF-B58284A5232B"/>
</indexColumnUsage>
</ind_PK_UK>
</indexes>
</Table>