<?xml version = '1.0' encoding = 'UTF-8'?>
<Table class="oracle.dbtools.crest.model.design.relational.Table" directorySegmentName="seg_0" id="23EC475B-BA9D-ED1A-B673-5982DF99DFD4" name="Bebidas_Bar">
<createdBy>marianapinedamiranda</createdBy>
<createdTime>2023-10-02 02:52:29 UTC</createdTime>
<generatorID>F9467297-97BF-FB30-0D45-AA1C7543184E</generatorID>
<ownerDesignName>ProyectoSistrans</ownerDesignName>
<allowColumnReorder>false</allowColumnReorder>
<existDependencyGenerateInDDl>true</existDependencyGenerateInDDl>
<parsed>true</parsed>
<columns itemClass="oracle.dbtools.crest.model.design.relational.Column">
<Column name="nombre" id="7B54DFFA-481A-3F44-5041-4BA8C413312C">
<createdBy>marianapinedamiranda</createdBy>
<createdTime>2023-10-02 02:52:29 UTC</createdTime>
<generatorID>30928008-7E23-6FDD-57D5-43C4B872135B</generatorID>
<ownerDesignName>ProyectoSistrans</ownerDesignName>
<nullsAllowed>true</nullsAllowed>
<useDomainConstraints>false</useDomainConstraints>
<use>1</use>
<logicalDatatype>LOGDT024</logicalDatatype>
<dataTypeSize>20</dataTypeSize>
<ownDataTypeParameters>20,,</ownDataTypeParameters>
<autoIncrementCycle>false</autoIncrementCycle>
</Column>
<Column name="costo" id="131153D4-2E4A-7A3A-9AC3-A03E19A3D73C">
<createdBy>marianapinedamiranda</createdBy>
<createdTime>2023-10-02 02:52:29 UTC</createdTime>
<generatorID>D2C2241A-6A87-929E-11FD-21D724E165EA</generatorID>
<ownerDesignName>ProyectoSistrans</ownerDesignName>
<nullsAllowed>true</nullsAllowed>
<useDomainConstraints>false</useDomainConstraints>
<use>1</use>
<logicalDatatype>LOGDT011</logicalDatatype>
<ownDataTypeParameters>,,</ownDataTypeParameters>
<autoIncrementCycle>false</autoIncrementCycle>
</Column>
<Column name="id" id="7DB4B02A-AF14-B6CC-7933-95CDC4522E8C">
<createdBy>marianapinedamiranda</createdBy>
<createdTime>2023-10-02 02:52:29 UTC</createdTime>
<generatorID>8F006376-57E1-8EC8-BC25-B5924FD45B8C</generatorID>
<ownerDesignName>ProyectoSistrans</ownerDesignName>
<use>0</use>
<ownDataTypeParameters>,,</ownDataTypeParameters>
<autoIncrementCycle>false</autoIncrementCycle>
</Column>
<Column name="Bares_id_servicio" id="6BFC0274-0883-4B01-26FB-5C52CB189C1C">
<createdBy>marianapinedamiranda</createdBy>
<createdTime>2023-10-02 02:52:29 UTC</createdTime>
<generatorID>19032EDD-F734-3D5D-02D5-1E0305267FC2</generatorID>
<ownerDesignName>ProyectoSistrans</ownerDesignName>
<useDomainConstraints>false</useDomainConstraints>
<use>1</use>
<logicalDatatype>LOGDT011</logicalDatatype>
<ownDataTypeParameters>,,</ownDataTypeParameters>
<previousColumn>false</previousColumn>
<autoIncrementCycle>false</autoIncrementCycle>
<associations>
<colAssociation fkAssociation="64CF7517-469B-33FB-3226-D57EDF080FA9" referredColumn="A660A8B5-1F49-4735-36A0-0BB084B6A64C"/>
</associations>
</Column>
</columns>
<indexes itemClass="oracle.dbtools.crest.model.design.relational.Index">
<ind_PK_UK id="3753C32B-8B1A-0641-BA13-B2A2B151546B" name="Bebidas_Bar_PK">
<createdBy>marianapinedamiranda</createdBy>
<createdTime>2023-10-02 02:52:29 UTC</createdTime>
<generatorID>408EC582-1346-C7E5-70E0-E9CF87FE010F</generatorID>
<ownerDesignName>ProyectoSistrans</ownerDesignName>
<pk>true</pk>
<indexState>Primary Constraint</indexState>
<isSurrogateKey>false</isSurrogateKey>
<indexColumnUsage>
<colUsage columnID="7DB4B02A-AF14-B6CC-7933-95CDC4522E8C"/>
<colUsage columnID="6BFC0274-0883-4B01-26FB-5C52CB189C1C"/>
</indexColumnUsage>
</ind_PK_UK>
<ind_PK_UK id="BA351B53-7EBE-0B3C-582E-ABB579A2B002" name="Bebidas_Bar_Bares_FK">
<createdBy>marianapinedamiranda</createdBy>
<createdTime>2023-10-02 02:52:30 UTC</createdTime>
<generatorID>D2DADF74-E9B6-96E0-D716-544EFD096A02</generatorID>
<ownerDesignName>ProyectoSistrans</ownerDesignName>
<indexState>Foreign Key</indexState>
<isSurrogateKey>false</isSurrogateKey>
<indexColumnUsage>
<colUsage columnID="6BFC0274-0883-4B01-26FB-5C52CB189C1C"/>
</indexColumnUsage>
</ind_PK_UK>
</indexes>
</Table>