<?xml version = '1.0' encoding = 'UTF-8'?>
<Table class="oracle.dbtools.crest.model.design.relational.Table" directorySegmentName="seg_0" id="4D1B7BE1-3AB7-F765-6098-5DC5B7985212" name="Utensilios">
<createdBy>marianapinedamiranda</createdBy>
<createdTime>2023-10-02 02:52:30 UTC</createdTime>
<generatorID>7821176D-F24A-19AD-3A75-E71CED917045</generatorID>
<ownerDesignName>ProyectoSistrans</ownerDesignName>
<allowColumnReorder>false</allowColumnReorder>
<existDependencyGenerateInDDl>true</existDependencyGenerateInDDl>
<parsed>true</parsed>
<columns itemClass="oracle.dbtools.crest.model.design.relational.Column">
<Column name="id_servicio" id="0B1845EB-B07B-CBF1-8ED7-58861C5E511F">
<createdBy>marianapinedamiranda</createdBy>
<createdTime>2023-10-02 02:52:30 UTC</createdTime>
<generatorID>F2A9B781-14F0-E204-F494-3D8B8282F889</generatorID>
<ownerDesignName>ProyectoSistrans</ownerDesignName>
<useDomainConstraints>false</useDomainConstraints>
<use>1</use>
<logicalDatatype>LOGDT011</logicalDatatype>
<ownDataTypeParameters>,,</ownDataTypeParameters>
<autoIncrementCycle>false</autoIncrementCycle>
<associations>
<colAssociation fkAssociation="4450AD39-CA0E-4C97-A632-7538938FCCB8" referredColumn="98A51EF0-799D-DCD2-606E-04BE977323FA"/>
</associations>
</Column>
<Column name="devuelto" id="7C70D875-7DDC-9691-AEAF-A88CF0C50E95">
<createdBy>marianapinedamiranda</createdBy>
<createdTime>2023-10-02 02:52:30 UTC</createdTime>
<generatorID>ECF8E0D0-ABF8-5618-3A8B-4C2DD02648C5</generatorID>
<ownerDesignName>ProyectoSistrans</ownerDesignName>
<useDomainConstraints>false</useDomainConstraints>
<use>1</use>
<logicalDatatype>LOGDT006</logicalDatatype>
<dataTypeSize>1</dataTypeSize>
<ownDataTypeParameters>1,,</ownDataTypeParameters>
<autoIncrementCycle>false</autoIncrementCycle>
</Column>
</columns>
<indexes itemClass="oracle.dbtools.crest.model.design.relational.Index">
<ind_PK_UK id="6FBF7B88-0594-61E8-7072-5C08789B69F9" name="Utensilios_PK">
<createdBy>marianapinedamiranda</createdBy>
<createdTime>2023-10-02 02:52:30 UTC</createdTime>
<generatorID>AA52D276-FB5A-CDE6-407F-2F08084258F0</generatorID>
<ownerDesignName>ProyectoSistrans</ownerDesignName>
<pk>true</pk>
<indexState>Primary Constraint</indexState>
<isSurrogateKey>false</isSurrogateKey>
<indexColumnUsage>
<colUsage columnID="0B1845EB-B07B-CBF1-8ED7-58861C5E511F"/>
</indexColumnUsage>
</ind_PK_UK>
<ind_PK_UK id="9E86895B-35D4-D8EF-E00C-56B9126D6AB8" name="Utensilios_Servicios_FK">
<createdBy>marianapinedamiranda</createdBy>
<createdTime>2023-10-02 02:52:30 UTC</createdTime>
<generatorID>F7A0259C-B790-22D7-CD88-315F9212ACF5</generatorID>
<ownerDesignName>ProyectoSistrans</ownerDesignName>
<indexState>Foreign Key</indexState>
<isSurrogateKey>false</isSurrogateKey>
<indexColumnUsage>
<colUsage columnID="0B1845EB-B07B-CBF1-8ED7-58861C5E511F"/>
</indexColumnUsage>
</ind_PK_UK>
</indexes>
</Table>