<?xml version = '1.0' encoding = 'UTF-8'?>
<Table class="oracle.dbtools.crest.model.design.relational.Table" directorySegmentName="seg_0" id="511D0AA9-A6D0-1DAC-02A3-A2C30CF41C99" name="Spas">
<createdBy>marianapinedamiranda</createdBy>
<createdTime>2023-10-02 02:52:30 UTC</createdTime>
<generatorID>734BB4EF-0135-0525-4359-ACCD73F9A35C</generatorID>
<ownerDesignName>ProyectoSistrans</ownerDesignName>
<allowColumnReorder>false</allowColumnReorder>
<existDependencyGenerateInDDl>true</existDependencyGenerateInDDl>
<parsed>true</parsed>
<columns itemClass="oracle.dbtools.crest.model.design.relational.Column">
<Column name="id_servicio" id="C9D559C3-7953-E434-4C8E-75605D02FC46">
<createdBy>marianapinedamiranda</createdBy>
<createdTime>2023-10-02 02:52:30 UTC</createdTime>
<generatorID>F2A9B781-14F0-E204-F494-3D8B8282F889</generatorID>
<ownerDesignName>ProyectoSistrans</ownerDesignName>
<useDomainConstraints>false</useDomainConstraints>
<use>1</use>
<logicalDatatype>LOGDT011</logicalDatatype>
<ownDataTypeParameters>,,</ownDataTypeParameters>
<autoIncrementCycle>false</autoIncrementCycle>
<associations>
<colAssociation fkAssociation="BFDA0E70-DE8E-CBBF-A9C0-3B1D90579C38" referredColumn="98A51EF0-799D-DCD2-606E-04BE977323FA"/>
</associations>
</Column>
<Column name="duracion" id="6ED0BC02-B2EB-EB6C-1FAA-CA0410F4ADC1">
<createdBy>marianapinedamiranda</createdBy>
<createdTime>2023-10-02 02:52:30 UTC</createdTime>
<generatorID>F7F92D23-8E6F-86CC-5BCD-C56E0639FE99</generatorID>
<ownerDesignName>ProyectoSistrans</ownerDesignName>
<nullsAllowed>true</nullsAllowed>
<useDomainConstraints>false</useDomainConstraints>
<use>1</use>
<logicalDatatype>LOGDT011</logicalDatatype>
<ownDataTypeParameters>,,</ownDataTypeParameters>
<autoIncrementCycle>false</autoIncrementCycle>
</Column>
<Column name="costo" id="8AF214ED-1083-3401-5244-614E5B2EFA31">
<createdBy>marianapinedamiranda</createdBy>
<createdTime>2023-10-02 02:52:30 UTC</createdTime>
<generatorID>8EC8AD32-1357-0E1E-93F8-1842D66D3486</generatorID>
<ownerDesignName>ProyectoSistrans</ownerDesignName>
<useDomainConstraints>false</useDomainConstraints>
<use>1</use>
<logicalDatatype>LOGDT011</logicalDatatype>
<ownDataTypeParameters>,,</ownDataTypeParameters>
<autoIncrementCycle>false</autoIncrementCycle>
</Column>
</columns>
<indexes itemClass="oracle.dbtools.crest.model.design.relational.Index">
<ind_PK_UK id="A0F3BCC1-79D8-E65F-D20A-587452C114E1" name="Spas_PK">
<createdBy>marianapinedamiranda</createdBy>
<createdTime>2023-10-02 02:52:30 UTC</createdTime>
<generatorID>AA52D276-FB5A-CDE6-407F-2F08084258F0</generatorID>
<ownerDesignName>ProyectoSistrans</ownerDesignName>
<pk>true</pk>
<indexState>Primary Constraint</indexState>
<isSurrogateKey>false</isSurrogateKey>
<indexColumnUsage>
<colUsage columnID="C9D559C3-7953-E434-4C8E-75605D02FC46"/>
</indexColumnUsage>
</ind_PK_UK>
<ind_PK_UK id="22038582-C3A4-856E-D0AF-F1FECD9F6DC4" name="Spas_Servicios_FK">
<createdBy>marianapinedamiranda</createdBy>
<createdTime>2023-10-02 02:52:30 UTC</createdTime>
<generatorID>5064E6D3-DC4B-4420-7357-E227B39C757E</generatorID>
<ownerDesignName>ProyectoSistrans</ownerDesignName>
<indexState>Foreign Key</indexState>
<isSurrogateKey>false</isSurrogateKey>
<indexColumnUsage>
<colUsage columnID="C9D559C3-7953-E434-4C8E-75605D02FC46"/>
</indexColumnUsage>
</ind_PK_UK>
</indexes>
</Table>