<?xml version = '1.0' encoding = 'UTF-8'?>
<Table class="oracle.dbtools.crest.model.design.relational.Table" directorySegmentName="seg_0" id="59D1AE05-3FDF-804C-B66D-0867E6BE6784" name="Habitaciones">
<createdBy>marianapinedamiranda</createdBy>
<createdTime>2023-10-02 02:52:29 UTC</createdTime>
<generatorID>29E16AFA-B5FE-AF80-6CC7-54E4238D397D</generatorID>
<ownerDesignName>ProyectoSistrans</ownerDesignName>
<allowColumnReorder>false</allowColumnReorder>
<existDependencyGenerateInDDl>true</existDependencyGenerateInDDl>
<parsed>true</parsed>
<columns itemClass="oracle.dbtools.crest.model.design.relational.Column">
<Column name="tipo" id="C4A78701-843A-2D2D-C63E-5181C9033E8C">
<createdBy>marianapinedamiranda</createdBy>
<createdTime>2023-10-02 02:52:29 UTC</createdTime>
<generatorID>353B8353-8264-FA2F-7EA1-8C3B40473D25</generatorID>
<ownerDesignName>ProyectoSistrans</ownerDesignName>
<useDomainConstraints>false</useDomainConstraints>
<use>1</use>
<logicalDatatype>A3A3C77D-0366-9768-FF89-1C25E56881C8</logicalDatatype>
<ownDataTypeParameters>,,</ownDataTypeParameters>
<autoIncrementCycle>false</autoIncrementCycle>
</Column>
<Column name="Hoteles_nombre" id="828B179F-D8A8-CEA4-596F-1E27260F1CBD">
<createdBy>marianapinedamiranda</createdBy>
<createdTime>2023-10-02 02:52:29 UTC</createdTime>
<generatorID>5A2EEF1E-EDA1-2879-F9A0-7070D4FC10EA</generatorID>
<ownerDesignName>ProyectoSistrans</ownerDesignName>
<useDomainConstraints>false</useDomainConstraints>
<use>1</use>
<logicalDatatype>A3A3C77D-0366-9768-FF89-1C25E56881C8</logicalDatatype>
<ownDataTypeParameters>,,</ownDataTypeParameters>
<previousColumn>false</previousColumn>
<autoIncrementCycle>false</autoIncrementCycle>
<associations>
<colAssociation fkAssociation="CCEA4242-F73B-C20D-6DF8-5F6E8A60469A" referredColumn="5CEE365C-AD65-0918-7DCF-B58284A5232B"/>
</associations>
</Column>
<Column name="id_habitacion" id="01185ECA-7491-D68E-C119-FF5CA04A9C06">
<createdBy>marianapinedamiranda</createdBy>
<createdTime>2023-10-02 02:52:29 UTC</createdTime>
<generatorID>68B62C9C-0650-4E0A-641B-6EF7B74B85BE</generatorID>
<ownerDesignName>ProyectoSistrans</ownerDesignName>
<useDomainConstraints>false</useDomainConstraints>
<use>1</use>
<logicalDatatype>LOGDT011</logicalDatatype>
<ownDataTypeParameters>,,</ownDataTypeParameters>
<autoIncrementCycle>false</autoIncrementCycle>
</Column>
<Column name="TipoHabitacion_id" id="428C07BF-3132-BD49-A581-5F532228AC4D">
<createdBy>marianapinedamiranda</createdBy>
<createdTime>2023-10-02 02:52:29 UTC</createdTime>
<generatorID>D03B3AAA-0EDE-6CF9-08EC-82900D5C3BA8</generatorID>
<ownerDesignName>ProyectoSistrans</ownerDesignName>
<useDomainConstraints>false</useDomainConstraints>
<use>1</use>
<logicalDatatype>LOGDT011</logicalDatatype>
<ownDataTypeParameters>,,</ownDataTypeParameters>
<previousColumn>false</previousColumn>
<autoIncrementCycle>false</autoIncrementCycle>
<associations>
<colAssociation fkAssociation="857A5C2B-3850-4C6E-F193-53558EFA4570" referredColumn="A3BC0950-CA4F-D792-5A23-B71063457BA3"/>
</associations>
</Column>
</columns>
<indexes itemClass="oracle.dbtools.crest.model.design.relational.Index">
<ind_PK_UK id="A3A74855-DBF3-0263-0C67-E4DADC13B6EA" name="Habitaciones_PK">
<createdBy>marianapinedamiranda</createdBy>
<createdTime>2023-10-02 02:52:29 UTC</createdTime>
<generatorID>D5137FB8-340B-019B-DC82-78B6F2D4ED86</generatorID>
<ownerDesignName>ProyectoSistrans</ownerDesignName>
<pk>true</pk>
<indexState>Primary Constraint</indexState>
<isSurrogateKey>false</isSurrogateKey>
<indexColumnUsage>
<colUsage columnID="01185ECA-7491-D68E-C119-FF5CA04A9C06"/>
</indexColumnUsage>
</ind_PK_UK>
<ind_PK_UK id="273BA206-31A5-30F5-C3F8-1B7CF40C715F" name="Habitaciones_Hoteles_FK">
<createdBy>marianapinedamiranda</createdBy>
<createdTime>2023-10-02 02:52:30 UTC</createdTime>
<generatorID>88D30F4F-EE73-6C9E-7732-3D61E7FDB8C4</generatorID>
<ownerDesignName>ProyectoSistrans</ownerDesignName>
<indexState>Foreign Key</indexState>
<isSurrogateKey>false</isSurrogateKey>
<indexColumnUsage>
<colUsage columnID="828B179F-D8A8-CEA4-596F-1E27260F1CBD"/>
</indexColumnUsage>
</ind_PK_UK>
<ind_PK_UK id="C30116DC-0CE6-CA90-4653-D2224897499B" name="Habitaciones_TipoHabitacion_FK">
<createdBy>marianapinedamiranda</createdBy>
<createdTime>2023-10-02 02:52:31 UTC</createdTime>
<generatorID>6D2898E2-44E4-07FF-4505-43D82EC512DE</generatorID>
<ownerDesignName>ProyectoSistrans</ownerDesignName>
<indexState>Foreign Key</indexState>
<isSurrogateKey>false</isSurrogateKey>
<indexColumnUsage>
<colUsage columnID="428C07BF-3132-BD49-A581-5F532228AC4D"/>
</indexColumnUsage>
</ind_PK_UK>
</indexes>
</Table>