<?xml version = '1.0' encoding = 'UTF-8'?>
<Table class="oracle.dbtools.crest.model.design.relational.Table" directorySegmentName="seg_0" id="59E27968-8E24-B05A-FDEA-49EBD1236910" name="Gimnasios">
<createdBy>marianapinedamiranda</createdBy>
<createdTime>2023-10-02 02:52:30 UTC</createdTime>
<generatorID>070BB5C1-F051-B6DA-BE45-9F84247C2F30</generatorID>
<ownerDesignName>ProyectoSistrans</ownerDesignName>
<allowColumnReorder>false</allowColumnReorder>
<existDependencyGenerateInDDl>true</existDependencyGenerateInDDl>
<parsed>true</parsed>
<columns itemClass="oracle.dbtools.crest.model.design.relational.Column">
<Column name="id_servicio" id="6B6B2158-0C0B-0FC3-498C-8A8B2EDEEEE9">
<createdBy>marianapinedamiranda</createdBy>
<createdTime>2023-10-02 02:52:30 UTC</createdTime>
<generatorID>F2A9B781-14F0-E204-F494-3D8B8282F889</generatorID>
<ownerDesignName>ProyectoSistrans</ownerDesignName>
<useDomainConstraints>false</useDomainConstraints>
<use>1</use>
<logicalDatatype>LOGDT011</logicalDatatype>
<ownDataTypeParameters>,,</ownDataTypeParameters>
<autoIncrementCycle>false</autoIncrementCycle>
<associations>
<colAssociation fkAssociation="9996B483-0DFD-DDC2-8DE7-07D5F6037282" referredColumn="98A51EF0-799D-DCD2-606E-04BE977323FA"/>
</associations>
</Column>
<Column name="capacidad" id="2B8900CF-B727-B346-3B79-582FFF8BCA0A">
<createdBy>marianapinedamiranda</createdBy>
<createdTime>2023-10-02 02:52:30 UTC</createdTime>
<generatorID>5001D723-7F83-EF24-1542-B2407466A83C</generatorID>
<ownerDesignName>ProyectoSistrans</ownerDesignName>
<nullsAllowed>true</nullsAllowed>
<useDomainConstraints>false</useDomainConstraints>
<use>1</use>
<logicalDatatype>LOGDT011</logicalDatatype>
<ownDataTypeParameters>,,</ownDataTypeParameters>
<autoIncrementCycle>false</autoIncrementCycle>
</Column>
<Column name="maquinas" id="0CD3174D-8899-9E1E-E0C9-9EE970216FBE">
<createdBy>marianapinedamiranda</createdBy>
<createdTime>2023-10-02 02:52:30 UTC</createdTime>
<generatorID>F4D57662-97CD-E8A5-CA97-EA7DEB7F36F9</generatorID>
<ownerDesignName>ProyectoSistrans</ownerDesignName>
<nullsAllowed>true</nullsAllowed>
<useDomainConstraints>false</useDomainConstraints>
<use>1</use>
<logicalDatatype>LOGDT011</logicalDatatype>
<ownDataTypeParameters>,,</ownDataTypeParameters>
<autoIncrementCycle>false</autoIncrementCycle>
</Column>
<Column name="horaInicio" id="C4A04C80-0844-A296-B754-7F72363DCBCA">
<createdBy>marianapinedamiranda</createdBy>
<createdTime>2023-10-02 02:52:30 UTC</createdTime>
<generatorID>9E4D7DCB-2833-E468-34F7-EFD9B04618EA</generatorID>
<ownerDesignName>ProyectoSistrans</ownerDesignName>
<nullsAllowed>true</nullsAllowed>
<useDomainConstraints>false</useDomainConstraints>
<use>1</use>
<logicalDatatype>LOGDT007</logicalDatatype>
<ownDataTypeParameters>,,</ownDataTypeParameters>
<autoIncrementCycle>false</autoIncrementCycle>
</Column>
<Column name="horaFinal" id="08340086-C35D-4A32-42F2-1203EFED79E3">
<createdBy>marianapinedamiranda</createdBy>
<createdTime>2023-10-02 02:52:30 UTC</createdTime>
<generatorID>CE0DE2DA-19D8-1C52-0541-DBC93D29550D</generatorID>
<ownerDesignName>ProyectoSistrans</ownerDesignName>
<nullsAllowed>true</nullsAllowed>
<useDomainConstraints>false</useDomainConstraints>
<use>1</use>
<logicalDatatype>LOGDT007</logicalDatatype>
<ownDataTypeParameters>,,</ownDataTypeParameters>
<autoIncrementCycle>false</autoIncrementCycle>
</Column>
</columns>
<indexes itemClass="oracle.dbtools.crest.model.design.relational.Index">
<ind_PK_UK id="EEA03646-3B7D-971F-67D3-FE40ABDE9D65" name="Gimnasios_id_servicio_UN">
<createdBy>marianapinedamiranda</createdBy>
<createdTime>2023-10-02 02:52:30 UTC</createdTime>
<generatorID>AA52D276-FB5A-CDE6-407F-2F08084258F0</generatorID>
<ownerDesignName>ProyectoSistrans</ownerDesignName>
<indexState>Unique Constraint</indexState>
<isSurrogateKey>false</isSurrogateKey>
<indexColumnUsage>
<colUsage columnID="6B6B2158-0C0B-0FC3-498C-8A8B2EDEEEE9"/>
</indexColumnUsage>
</ind_PK_UK>
<ind_PK_UK id="9E2D4ACA-D33B-F5BE-A9DD-69E0A3332D7A" name="Gimnasios_Servicios_FK">
<createdBy>marianapinedamiranda</createdBy>
<createdTime>2023-10-02 02:52:30 UTC</createdTime>
<generatorID>8D61A391-B6D9-F15E-C3C3-C919294D309A</generatorID>
<ownerDesignName>ProyectoSistrans</ownerDesignName>
<indexState>Foreign Key</indexState>
<isSurrogateKey>false</isSurrogateKey>
<indexColumnUsage>
<colUsage columnID="6B6B2158-0C0B-0FC3-498C-8A8B2EDEEEE9"/>
</indexColumnUsage>
</ind_PK_UK>
</indexes>
</Table>