<?xml version = '1.0' encoding = 'UTF-8'?>
<Table class="oracle.dbtools.crest.model.design.relational.Table" directorySegmentName="seg_0" id="627FE939-E10C-2711-1B7A-84B9ADE15791" name="Platos">
<createdBy>marianapinedamiranda</createdBy>
<createdTime>2023-10-02 02:52:29 UTC</createdTime>
<generatorID>3FFD4429-B807-0B28-ADF4-BEC3FFCAD9A5</generatorID>
<ownerDesignName>ProyectoSistrans</ownerDesignName>
<allowColumnReorder>false</allowColumnReorder>
<existDependencyGenerateInDDl>true</existDependencyGenerateInDDl>
<parsed>true</parsed>
<columns itemClass="oracle.dbtools.crest.model.design.relational.Column">
<Column name="nombre" id="6656985D-FE72-A34A-94F6-0B5228EB3BB8">
<createdBy>marianapinedamiranda</createdBy>
<createdTime>2023-10-02 02:52:29 UTC</createdTime>
<generatorID>AC4B222E-0402-B5A7-DC79-1EBF651B5521</generatorID>
<ownerDesignName>ProyectoSistrans</ownerDesignName>
<useDomainConstraints>false</useDomainConstraints>
<use>1</use>
<logicalDatatype>A3A3C77D-0366-9768-FF89-1C25E56881C8</logicalDatatype>
<ownDataTypeParameters>,,</ownDataTypeParameters>
<autoIncrementCycle>false</autoIncrementCycle>
</Column>
<Column name="costo" id="BAF57C16-3099-B722-A84D-001829ED80FB">
<createdBy>marianapinedamiranda</createdBy>
<createdTime>2023-10-02 02:52:29 UTC</createdTime>
<generatorID>92014363-50C5-1933-11FB-1E55A21D0FBC</generatorID>
<ownerDesignName>ProyectoSistrans</ownerDesignName>
<useDomainConstraints>false</useDomainConstraints>
<use>1</use>
<logicalDatatype>LOGDT020</logicalDatatype>
<ownDataTypeParameters>,,</ownDataTypeParameters>
<autoIncrementCycle>false</autoIncrementCycle>
</Column>
<Column name="Restaurantes_id_servicio" id="DC0AAA6C-BB2B-23A7-C5CB-471CC8452A93">
<createdBy>marianapinedamiranda</createdBy>
<createdTime>2023-10-02 02:52:29 UTC</createdTime>
<generatorID>272C036C-40E3-A1B7-A134-C80F0FC0CDE8</generatorID>
<ownerDesignName>ProyectoSistrans</ownerDesignName>
<useDomainConstraints>false</useDomainConstraints>
<use>1</use>
<logicalDatatype>LOGDT011</logicalDatatype>
<ownDataTypeParameters>,,</ownDataTypeParameters>
<previousColumn>false</previousColumn>
<autoIncrementCycle>false</autoIncrementCycle>
<associations>
<colAssociation fkAssociation="CD62D564-0D4B-5EFB-96D8-96CACFBA15D0" referredColumn="6342B6D7-5CD4-2FEC-1ED0-151EC6CC1CC1"/>
</associations>
</Column>
<Column name="id" id="DACBF194-F9BD-3C9B-C4AF-E10FE5C0738E">
<createdBy>marianapinedamiranda</createdBy>
<createdTime>2023-10-02 02:52:29 UTC</createdTime>
<generatorID>C7D5652D-E6DA-134E-2653-BD4BF95A0D95</generatorID>
<ownerDesignName>ProyectoSistrans</ownerDesignName>
<useDomainConstraints>false</useDomainConstraints>
<use>1</use>
<logicalDatatype>LOGDT011</logicalDatatype>
<ownDataTypeParameters>,,</ownDataTypeParameters>
<autoIncrementCycle>false</autoIncrementCycle>
</Column>
</columns>
<indexes itemClass="oracle.dbtools.crest.model.design.relational.Index">
<ind_PK_UK id="2080E003-5643-8905-B03D-123BF01D7A33" name="Platos_PK">
<createdBy>marianapinedamiranda</createdBy>
<createdTime>2023-10-02 02:52:29 UTC</createdTime>
<generatorID>AA285EA1-6651-B10C-5DB6-98F6691E1DE9</generatorID>
<ownerDesignName>ProyectoSistrans</ownerDesignName>
<pk>true</pk>
<indexState>Primary Constraint</indexState>
<isSurrogateKey>false</isSurrogateKey>
<indexColumnUsage>
<colUsage columnID="DACBF194-F9BD-3C9B-C4AF-E10FE5C0738E"/>
</indexColumnUsage>
</ind_PK_UK>
<ind_PK_UK id="FE409EC3-1CBA-87BE-EEFA-CDCC0DBE6D0C" name="Platos_Restaurantes_FK">
<createdBy>marianapinedamiranda</createdBy>
<createdTime>2023-10-02 02:52:30 UTC</createdTime>
<generatorID>576CBA0A-C63E-4474-8AB5-688F6CF44E11</generatorID>
<ownerDesignName>ProyectoSistrans</ownerDesignName>
<indexState>Foreign Key</indexState>
<isSurrogateKey>false</isSurrogateKey>
<indexColumnUsage>
<colUsage columnID="DC0AAA6C-BB2B-23A7-C5CB-471CC8452A93"/>
</indexColumnUsage>
</ind_PK_UK>
</indexes>
</Table>