<?xml version = '1.0' encoding = 'UTF-8'?>
<Table class="oracle.dbtools.crest.model.design.relational.Table" directorySegmentName="seg_0" id="75F95BB6-AFC3-8A58-E4EF-1BFC3E5538B4" name="Checkins">
<createdBy>marianapinedamiranda</createdBy>
<createdTime>2023-10-02 02:52:29 UTC</createdTime>
<generatorID>3604898D-1362-A614-E357-916F65AB275C</generatorID>
<ownerDesignName>ProyectoSistrans</ownerDesignName>
<allowColumnReorder>false</allowColumnReorder>
<existDependencyGenerateInDDl>true</existDependencyGenerateInDDl>
<parsed>true</parsed>
<columns itemClass="oracle.dbtools.crest.model.design.relational.Column">
<Column name="Reservas_id" id="D9CFA9DB-CC20-BCA9-F7A1-758A7B728B62">
<createdBy>marianapinedamiranda</createdBy>
<createdTime>2023-10-02 02:52:29 UTC</createdTime>
<generatorID>F2288066-7EDB-71E9-F6D8-773C06192E14</generatorID>
<ownerDesignName>ProyectoSistrans</ownerDesignName>
<useDomainConstraints>false</useDomainConstraints>
<use>1</use>
<logicalDatatype>LOGDT011</logicalDatatype>
<ownDataTypeParameters>,,</ownDataTypeParameters>
<previousColumn>false</previousColumn>
<autoIncrementCycle>false</autoIncrementCycle>
</Column>
<Column name="id_checkin" id="5332094D-C41C-3CAC-E3A5-9BE19ACFC241">
<createdBy>marianapinedamiranda</createdBy>
<createdTime>2023-10-02 02:52:29 UTC</createdTime>
<generatorID>75C9850B-BBD1-9BD6-FB6E-D11EA9C63486</generatorID>
<ownerDesignName>ProyectoSistrans</ownerDesignName>
<useDomainConstraints>false</useDomainConstraints>
<use>1</use>
<logicalDatatype>LOGDT011</logicalDatatype>
<ownDataTypeParameters>,,</ownDataTypeParameters>
<autoIncrementCycle>false</autoIncrementCycle>
</Column>
<Column name="Clientes_id" id="2A1E0004-4325-0B56-722A-9955E2B22F3B">
<createdBy>marianapinedamiranda</createdBy>
<createdTime>2023-10-02 02:52:29 UTC</createdTime>
<generatorID>EE1AB17C-6F25-1F14-9566-40219CD60774</generatorID>
<ownerDesignName>ProyectoSistrans</ownerDesignName>
<useDomainConstraints>false</useDomainConstraints>
<use>1</use>
<logicalDatatype>LOGDT011</logicalDatatype>
<ownDataTypeParameters>,,</ownDataTypeParameters>
<previousColumn>false</previousColumn>
<autoIncrementCycle>false</autoIncrementCycle>
<associations>
<colAssociation fkAssociation="E065E179-BC86-C74A-2094-75E2198B08C7" referredColumn="4AA7A151-649D-4216-F4B2-D1537A990667"/>
</associations>
</Column>
<Column name="Empleados_id" id="95516777-C435-63C6-EBF4-3DA7CF682260">
<createdBy>marianapinedamiranda</createdBy>
<createdTime>2023-10-02 02:52:29 UTC</createdTime>
<generatorID>C3041A4D-D5BA-D47E-89D9-1B604EC54929</generatorID>
<ownerDesignName>ProyectoSistrans</ownerDesignName>
<useDomainConstraints>false</useDomainConstraints>
<use>1</use>
<logicalDatatype>LOGDT011</logicalDatatype>
<ownDataTypeParameters>,,</ownDataTypeParameters>
<previousColumn>false</previousColumn>
<autoIncrementCycle>false</autoIncrementCycle>
<associations>
<colAssociation fkAssociation="DBE72483-D90E-4AF9-7A77-44CAB00C8BB7" referredColumn="3E9E37EE-5036-5258-A82F-3FA1D4D5452F"/>
</associations>
</Column>
</columns>
<indexes itemClass="oracle.dbtools.crest.model.design.relational.Index">
<ind_PK_UK id="B6DDE2DF-08E6-0963-FD0C-042E77A13954" name="Checkins_PK">
<createdBy>marianapinedamiranda</createdBy>
<createdTime>2023-10-02 02:52:29 UTC</createdTime>
<generatorID>33344636-E6B6-B201-2B3F-40C13F9B65EB</generatorID>
<ownerDesignName>ProyectoSistrans</ownerDesignName>
<pk>true</pk>
<indexState>Primary Constraint</indexState>
<isSurrogateKey>false</isSurrogateKey>
<indexColumnUsage>
<colUsage columnID="5332094D-C41C-3CAC-E3A5-9BE19ACFC241"/>
</indexColumnUsage>
</ind_PK_UK>
<ind_PK_UK id="6651EB4E-8367-1346-B3F9-5CCA084EFB13" name="Checkins__IDX">
<createdBy>marianapinedamiranda</createdBy>
<createdTime>2023-10-02 02:52:30 UTC</createdTime>
<ownerDesignName>ProyectoSistrans</ownerDesignName>
<indexState>Unique Plain Index</indexState>
<isSurrogateKey>false</isSurrogateKey>
<relationGeneratorID>EC4CFB2A-2E12-50FA-7730-457FFD825534</relationGeneratorID>
<indexColumnUsage>
<colUsage columnID="D9CFA9DB-CC20-BCA9-F7A1-758A7B728B62"/>
</indexColumnUsage>
</ind_PK_UK>
<ind_PK_UK id="852909D1-4DD4-5482-9786-8CB210F08D72" name="Checkins_Empleados_FK">
<createdBy>marianapinedamiranda</createdBy>
<createdTime>2023-10-02 02:52:30 UTC</createdTime>
<generatorID>968A8EFA-F707-A508-5677-D44CEDC5D39C</generatorID>
<ownerDesignName>ProyectoSistrans</ownerDesignName>
<indexState>Foreign Key</indexState>
<isSurrogateKey>false</isSurrogateKey>
<indexColumnUsage>
<colUsage columnID="95516777-C435-63C6-EBF4-3DA7CF682260"/>
</indexColumnUsage>
</ind_PK_UK>
<ind_PK_UK id="7F794274-1E06-6B37-816B-50E8A8E73357" name="Checkins_Clientes_FK">
<createdBy>marianapinedamiranda</createdBy>
<createdTime>2023-10-02 02:52:30 UTC</createdTime>
<generatorID>AA83F5E4-57A7-27A6-2711-F3065C1B126E</generatorID>
<ownerDesignName>ProyectoSistrans</ownerDesignName>
<indexState>Foreign Key</indexState>
<isSurrogateKey>false</isSurrogateKey>
<indexColumnUsage>
<colUsage columnID="2A1E0004-4325-0B56-722A-9955E2B22F3B"/>
</indexColumnUsage>
</ind_PK_UK>
</indexes>
</Table>