<?xml version = '1.0' encoding = 'UTF-8'?>
<Table class="oracle.dbtools.crest.model.design.relational.Table" directorySegmentName="seg_0" id="A34508A6-6162-DD08-FF43-C3D1343F5C22" name="TipoHabitacion">
<createdBy>marianapinedamiranda</createdBy>
<createdTime>2023-10-02 02:52:30 UTC</createdTime>
<generatorID>276DB035-9EF8-9E64-568D-3B56AF8A2B0D</generatorID>
<ownerDesignName>ProyectoSistrans</ownerDesignName>
<allowColumnReorder>false</allowColumnReorder>
<existDependencyGenerateInDDl>true</existDependencyGenerateInDDl>
<parsed>true</parsed>
<columns itemClass="oracle.dbtools.crest.model.design.relational.Column">
<Column name="id" id="A3BC0950-CA4F-D792-5A23-B71063457BA3">
<createdBy>marianapinedamiranda</createdBy>
<createdTime>2023-10-02 02:52:30 UTC</createdTime>
<generatorID>52B83E1A-85FD-4F7C-EABE-7F72BDB4A429</generatorID>
<ownerDesignName>ProyectoSistrans</ownerDesignName>
<useDomainConstraints>false</useDomainConstraints>
<use>1</use>
<logicalDatatype>LOGDT011</logicalDatatype>
<ownDataTypeParameters>,,</ownDataTypeParameters>
<autoIncrementCycle>false</autoIncrementCycle>
</Column>
<Column name="nombreTipo" id="EE5F2C2D-559E-82EA-47EA-4CE4A6FCA880">
<createdBy>marianapinedamiranda</createdBy>
<createdTime>2023-10-02 02:52:30 UTC</createdTime>
<generatorID>23F50FAC-A468-BD08-1884-56C2C143ED5A</generatorID>
<ownerDesignName>ProyectoSistrans</ownerDesignName>
<useDomainConstraints>false</useDomainConstraints>
<use>1</use>
<logicalDatatype>LOGDT024</logicalDatatype>
<dataTypeSize>20</dataTypeSize>
<ownDataTypeParameters>20,,</ownDataTypeParameters>
<autoIncrementCycle>false</autoIncrementCycle>
</Column>
<Column name="capacidad" id="12BB7AC2-5D31-0B74-0445-C4601E99FEF0">
<createdBy>marianapinedamiranda</createdBy>
<createdTime>2023-10-02 02:52:30 UTC</createdTime>
<generatorID>4565B821-5749-019F-47C6-87D28B55AF8F</generatorID>
<ownerDesignName>ProyectoSistrans</ownerDesignName>
<useDomainConstraints>false</useDomainConstraints>
<use>1</use>
<logicalDatatype>LOGDT011</logicalDatatype>
<ownDataTypeParameters>,,</ownDataTypeParameters>
<autoIncrementCycle>false</autoIncrementCycle>
</Column>
<Column name="dotacion" id="2693A9A8-9AC0-F077-832C-29B077AB71F8">
<createdBy>marianapinedamiranda</createdBy>
<createdTime>2023-10-02 02:52:30 UTC</createdTime>
<generatorID>B3BB9FA6-3254-34D8-AB08-C811A39A67A4</generatorID>
<ownerDesignName>ProyectoSistrans</ownerDesignName>
<nullsAllowed>true</nullsAllowed>
<useDomainConstraints>false</useDomainConstraints>
<use>1</use>
<logicalDatatype>LOGDT024</logicalDatatype>
<dataTypeSize>500</dataTypeSize>
<ownDataTypeParameters>500,,</ownDataTypeParameters>
<autoIncrementCycle>false</autoIncrementCycle>
</Column>
</columns>
<indexes itemClass="oracle.dbtools.crest.model.design.relational.Index">
<ind_PK_UK id="A2028EF2-E908-C8C4-2357-D5A4C7CE909A" name="TipoHabitacion_PK">
<createdBy>marianapinedamiranda</createdBy>
<createdTime>2023-10-02 02:52:30 UTC</createdTime>
<generatorID>CD311256-1E81-FC62-19D4-6800EFAA9AA7</generatorID>
<ownerDesignName>ProyectoSistrans</ownerDesignName>
<pk>true</pk>
<indexState>Primary Constraint</indexState>
<isSurrogateKey>false</isSurrogateKey>
<indexColumnUsage>
<colUsage columnID="A3BC0950-CA4F-D792-5A23-B71063457BA3"/>
</indexColumnUsage>
</ind_PK_UK>
</indexes>
</Table>