<?xml version = '1.0' encoding = 'UTF-8'?>
<Table class="oracle.dbtools.crest.model.design.relational.Table" directorySegmentName="seg_0" id="DCA15244-537E-1EA8-75CB-66942EE0BA67" name="Planes">
<createdBy>marianapinedamiranda</createdBy>
<createdTime>2023-10-02 02:52:29 UTC</createdTime>
<generatorID>80CF8124-6D41-A214-8219-ED19EC5CCB11</generatorID>
<ownerDesignName>ProyectoSistrans</ownerDesignName>
<allowColumnReorder>false</allowColumnReorder>
<existDependencyGenerateInDDl>true</existDependencyGenerateInDDl>
<parsed>true</parsed>
<columns itemClass="oracle.dbtools.crest.model.design.relational.Column">
<Column name="plan" id="85FE2AB5-5471-1BB4-363B-CE015D925878">
<createdBy>marianapinedamiranda</createdBy>
<createdTime>2023-10-02 02:52:29 UTC</createdTime>
<generatorID>1D9D9F92-F1B0-AE50-EE07-D512B0184399</generatorID>
<ownerDesignName>ProyectoSistrans</ownerDesignName>
<useDomainConstraints>false</useDomainConstraints>
<use>1</use>
<logicalDatatype>A3A3C77D-0366-9768-FF89-1C25E56881C8</logicalDatatype>
<ownDataTypeParameters>,,</ownDataTypeParameters>
<autoIncrementCycle>false</autoIncrementCycle>
</Column>
<Column name="id" id="37866809-65A4-3D43-0BFC-73E7E76DA8C1">
<createdBy>marianapinedamiranda</createdBy>
<createdTime>2023-10-02 02:52:29 UTC</createdTime>
<generatorID>6988F087-F712-0E4F-D10A-D5E6A842465B</generatorID>
<ownerDesignName>ProyectoSistrans</ownerDesignName>
<useDomainConstraints>false</useDomainConstraints>
<use>1</use>
<logicalDatatype>LOGDT024</logicalDatatype>
<dataTypeSize>20</dataTypeSize>
<ownDataTypeParameters>20,,</ownDataTypeParameters>
<autoIncrementCycle>false</autoIncrementCycle>
</Column>
</columns>
<indexes itemClass="oracle.dbtools.crest.model.design.relational.Index">
<ind_PK_UK id="39C6D271-90B3-BDBD-DA4E-F61E39699DCB" name="Planes_PK">
<createdBy>marianapinedamiranda</createdBy>
<createdTime>2023-10-02 02:52:29 UTC</createdTime>
<generatorID>1F559ABB-6ED7-AC06-6CCA-F20218C1F8F0</generatorID>
<ownerDesignName>ProyectoSistrans</ownerDesignName>
<pk>true</pk>
<indexState>Primary Constraint</indexState>
<isSurrogateKey>false</isSurrogateKey>
<indexColumnUsage>
<colUsage columnID="37866809-65A4-3D43-0BFC-73E7E76DA8C1"/>
</indexColumnUsage>
</ind_PK_UK>
</indexes>
</Table>