<?xml version = '1.0' encoding = 'UTF-8'?>
<Table class="oracle.dbtools.crest.model.design.relational.Table" directorySegmentName="seg_0" id="DD78B3FD-4A8C-616E-9BBB-04877B08008E" name="Clientes">
<createdBy>marianapinedamiranda</createdBy>
<createdTime>2023-10-02 02:52:30 UTC</createdTime>
<generatorID>60E82226-1432-B4EA-D90C-3158C9AA5E45</generatorID>
<ownerDesignName>ProyectoSistrans</ownerDesignName>
<allowColumnReorder>false</allowColumnReorder>
<existDependencyGenerateInDDl>true</existDependencyGenerateInDDl>
<parsed>true</parsed>
<columns itemClass="oracle.dbtools.crest.model.design.relational.Column">
<Column name="id" id="4AA7A151-649D-4216-F4B2-D1537A990667">
<createdBy>marianapinedamiranda</createdBy>
<createdTime>2023-10-02 02:52:30 UTC</createdTime>
<generatorID>152B75A3-1F13-3E89-1374-4E2A00AFC955</generatorID>
<ownerDesignName>ProyectoSistrans</ownerDesignName>
<useDomainConstraints>false</useDomainConstraints>
<use>1</use>
<logicalDatatype>LOGDT011</logicalDatatype>
<ownDataTypeParameters>,,</ownDataTypeParameters>
<autoIncrementCycle>false</autoIncrementCycle>
<associations>
<colAssociation fkAssociation="8BA44886-D926-80E1-A27C-F95B563D2983" referredColumn="9B7AE152-18AC-5C58-07AB-DC36A2061E9E"/>
</associations>
</Column>
<Column name="nombre" id="79BBBC26-C8FB-D10C-8633-BE5F26747D01">
<createdBy>marianapinedamiranda</createdBy>
<createdTime>2023-10-02 02:52:30 UTC</createdTime>
<generatorID>BD9C2C80-FD56-DC93-69EF-949B5D25F365</generatorID>
<ownerDesignName>ProyectoSistrans</ownerDesignName>
<useDomainConstraints>false</useDomainConstraints>
<use>1</use>
<logicalDatatype>A3A3C77D-0366-9768-FF89-1C25E56881C8</logicalDatatype>
<ownDataTypeParameters>,,</ownDataTypeParameters>
<autoIncrementCycle>false</autoIncrementCycle>
</Column>
<Column name="Reservas_id" id="3302989D-0947-096C-0E92-F4BAC486B409">
<createdBy>marianapinedamiranda</createdBy>
<createdTime>2023-10-02 02:52:30 UTC</createdTime>
<generatorID>8750E23E-7EAF-5E59-E673-F936F39DC02A</generatorID>
<ownerDesignName>ProyectoSistrans</ownerDesignName>
<useDomainConstraints>false</useDomainConstraints>
<use>1</use>
<logicalDatatype>LOGDT011</logicalDatatype>
<ownDataTypeParameters>,,</ownDataTypeParameters>
<previousColumn>false</previousColumn>
<autoIncrementCycle>false</autoIncrementCycle>
<associations>
<colAssociation fkAssociation="7432B6DC-F09F-BDCC-7831-B93DF1787CED" referredColumn="9D8A48D1-1C5B-75F6-B043-F0F984C9492A"/>
</associations>
</Column>
<Column name="numAcompañantes" id="C48DC547-DB07-67CB-C4C9-FA0ABDC1113A">
<createdBy>marianapinedamiranda</createdBy>
<createdTime>2023-10-02 02:52:30 UTC</createdTime>
<generatorID>ECF5772C-6102-2779-C0B0-CD8D57669938</generatorID>
<ownerDesignName>ProyectoSistrans</ownerDesignName>
<nullsAllowed>true</nullsAllowed>
<useDomainConstraints>false</useDomainConstraints>
<use>1</use>
<logicalDatatype>LOGDT011</logicalDatatype>
<ownDataTypeParameters>,,</ownDataTypeParameters>
<autoIncrementCycle>false</autoIncrementCycle>
</Column>
</columns>
<indexes itemClass="oracle.dbtools.crest.model.design.relational.Index">
<ind_PK_UK id="2B7A1723-2ADC-1B1E-0C29-BFF93C510509" name="Clientes_PK">
<createdBy>marianapinedamiranda</createdBy>
<createdTime>2023-10-02 02:52:30 UTC</createdTime>
<generatorID>78717968-0D87-E83F-1816-58065FE99DED</generatorID>
<ownerDesignName>ProyectoSistrans</ownerDesignName>
<pk>true</pk>
<indexState>Primary Constraint</indexState>
<isSurrogateKey>false</isSurrogateKey>
<indexColumnUsage>
<colUsage columnID="4AA7A151-649D-4216-F4B2-D1537A990667"/>
</indexColumnUsage>
</ind_PK_UK>
<ind_PK_UK id="31F3DD57-1A7D-7F83-AFE9-3A5938B4A3C0" name="Clientes__IDX">
<createdBy>marianapinedamiranda</createdBy>
<createdTime>2023-10-02 02:52:30 UTC</createdTime>
<ownerDesignName>ProyectoSistrans</ownerDesignName>
<indexState>Unique Plain Index</indexState>
<isSurrogateKey>false</isSurrogateKey>
<relationGeneratorID>C1998703-9005-CDA9-E82D-B97E290977AC</relationGeneratorID>
<indexColumnUsage>
<colUsage columnID="3302989D-0947-096C-0E92-F4BAC486B409"/>
</indexColumnUsage>
</ind_PK_UK>
<ind_PK_UK id="F9FD20DA-860F-49D0-F639-6BBF6DD90C3E" name="Clientes_Usuarios_FK">
<createdBy>marianapinedamiranda</createdBy>
<createdTime>2023-10-02 02:52:30 UTC</createdTime>
<generatorID>398A8078-66AF-7183-790D-B7A29D69E07C</generatorID>
<ownerDesignName>ProyectoSistrans</ownerDesignName>
<indexState>Foreign Key</indexState>
<isSurrogateKey>false</isSurrogateKey>
<indexColumnUsage>
<colUsage columnID="4AA7A151-649D-4216-F4B2-D1537A990667"/>
</indexColumnUsage>
</ind_PK_UK>
<ind_PK_UK id="63244924-8BC7-DAC1-C6BE-6F340CB85C62" name="Clientes_Reservas_FK">
<createdBy>marianapinedamiranda</createdBy>
<createdTime>2023-10-02 03:05:26 UTC</createdTime>
<generatorID>C1998703-9005-CDA9-E82D-B97E290977AC</generatorID>
<ownerDesignName>ProyectoSistrans</ownerDesignName>
<indexState>Foreign Key</indexState>
<isSurrogateKey>false</isSurrogateKey>
<indexColumnUsage>
<colUsage columnID="3302989D-0947-096C-0E92-F4BAC486B409"/>
</indexColumnUsage>
</ind_PK_UK>
</indexes>
</Table>