<?xml version = '1.0' encoding = 'UTF-8'?>
<Table class="oracle.dbtools.crest.model.design.relational.Table" directorySegmentName="seg_0" id="E2775496-867F-0480-50AA-CAC60DD876D9" name="Usuarios">
<createdBy>marianapinedamiranda</createdBy>
<createdTime>2023-10-02 02:52:30 UTC</createdTime>
<generatorID>C536580D-7AD8-F26B-19CD-96B2DDAC7ED9</generatorID>
<ownerDesignName>ProyectoSistrans</ownerDesignName>
<allowColumnReorder>false</allowColumnReorder>
<existDependencyGenerateInDDl>true</existDependencyGenerateInDDl>
<parsed>true</parsed>
<columns itemClass="oracle.dbtools.crest.model.design.relational.Column">
<Column name="id" id="9B7AE152-18AC-5C58-07AB-DC36A2061E9E">
<createdBy>marianapinedamiranda</createdBy>
<createdTime>2023-10-02 02:52:30 UTC</createdTime>
<generatorID>152B75A3-1F13-3E89-1374-4E2A00AFC955</generatorID>
<ownerDesignName>ProyectoSistrans</ownerDesignName>
<useDomainConstraints>false</useDomainConstraints>
<use>1</use>
<logicalDatatype>LOGDT011</logicalDatatype>
<ownDataTypeParameters>,,</ownDataTypeParameters>
<autoIncrementCycle>false</autoIncrementCycle>
</Column>
<Column name="Hoteles_nombre" id="98689EDC-4CCE-BD20-89C4-B83DFB435791">
<createdBy>marianapinedamiranda</createdBy>
<createdTime>2023-10-02 02:52:30 UTC</createdTime>
<generatorID>1F83629D-C254-86FF-2A5A-F2CE93AA2426</generatorID>
<ownerDesignName>ProyectoSistrans</ownerDesignName>
<useDomainConstraints>false</useDomainConstraints>
<use>1</use>
<logicalDatatype>A3A3C77D-0366-9768-FF89-1C25E56881C8</logicalDatatype>
<ownDataTypeParameters>,,</ownDataTypeParameters>
<previousColumn>false</previousColumn>
<autoIncrementCycle>false</autoIncrementCycle>
<associations>
<colAssociation fkAssociation="211D8670-C230-530D-E8A5-FB37DC8370C7" referredColumn="5CEE365C-AD65-0918-7DCF-B58284A5232B"/>
</associations>
</Column>
<Column name="tipoDocumento" id="780C03AB-CCC9-E38E-E1D0-57141C8D661C">
<createdBy>marianapinedamiranda</createdBy>
<createdTime>2023-10-02 02:52:30 UTC</createdTime>
<generatorID>DDE0570E-50DD-95BD-DE99-47AC6ADB0EAA</generatorID>
<ownerDesignName>ProyectoSistrans</ownerDesignName>
<useDomainConstraints>false</useDomainConstraints>
<use>1</use>
<logicalDatatype>LOGDT024</logicalDatatype>
<dataTypeSize>3</dataTypeSize>
<ownDataTypeParameters>3,,</ownDataTypeParameters>
<autoIncrementCycle>false</autoIncrementCycle>
</Column>
<Column name="correoElectronico" id="4C709648-8975-4F78-42DF-F131B7B8B2AF">
<createdBy>marianapinedamiranda</createdBy>
<createdTime>2023-10-02 02:52:30 UTC</createdTime>
<generatorID>EEAB7FED-555E-2597-E9AC-528030BD8DF6</generatorID>
<ownerDesignName>ProyectoSistrans</ownerDesignName>
<useDomainConstraints>false</useDomainConstraints>
<use>1</use>
<logicalDatatype>LOGDT024</logicalDatatype>
<dataTypeSize>20</dataTypeSize>
<ownDataTypeParameters>20,,</ownDataTypeParameters>
<autoIncrementCycle>false</autoIncrementCycle>
</Column>
</columns>
<indexes itemClass="oracle.dbtools.crest.model.design.relational.Index">
<ind_PK_UK id="B6B1C0D5-AC44-2C97-4612-31194E424A55" name="Usuarios_PK">
<createdBy>marianapinedamiranda</createdBy>
<createdTime>2023-10-02 02:52:30 UTC</createdTime>
<generatorID>78717968-0D87-E83F-1816-58065FE99DED</generatorID>
<ownerDesignName>ProyectoSistrans</ownerDesignName>
<pk>true</pk>
<indexState>Primary Constraint</indexState>
<isSurrogateKey>false</isSurrogateKey>
<indexColumnUsage>
<colUsage columnID="9B7AE152-18AC-5C58-07AB-DC36A2061E9E"/>
</indexColumnUsage>
</ind_PK_UK>
<ind_PK_UK id="ACD5E773-FC96-9302-A265-D973A0A5E3CF" name="Usuarios_Hoteles_FK">
<createdBy>marianapinedamiranda</createdBy>
<createdTime>2023-10-02 02:52:31 UTC</createdTime>
<generatorID>66FB6A31-6B5F-57FB-C339-BB6C592302FA</generatorID>
<ownerDesignName>ProyectoSistrans</ownerDesignName>
<indexState>Foreign Key</indexState>
<isSurrogateKey>false</isSurrogateKey>
<indexColumnUsage>
<colUsage columnID="98689EDC-4CCE-BD20-89C4-B83DFB435791"/>
</indexColumnUsage>
</ind_PK_UK>
</indexes>
</Table>