<?xml version = '1.0' encoding = 'UTF-8'?>
<Table class="oracle.dbtools.crest.model.design.relational.Table" directorySegmentName="seg_0" id="E9DE7D18-4042-2FBC-E5A1-D6136F5789AE" name="Empleados">
<createdBy>marianapinedamiranda</createdBy>
<createdTime>2023-10-02 02:52:30 UTC</createdTime>
<generatorID>1BF793D5-D8E9-743F-D709-48874EE32D5F</generatorID>
<ownerDesignName>ProyectoSistrans</ownerDesignName>
<allowColumnReorder>false</allowColumnReorder>
<existDependencyGenerateInDDl>true</existDependencyGenerateInDDl>
<parsed>true</parsed>
<columns itemClass="oracle.dbtools.crest.model.design.relational.Column">
<Column name="id" id="3E9E37EE-5036-5258-A82F-3FA1D4D5452F">
<createdBy>marianapinedamiranda</createdBy>
<createdTime>2023-10-02 02:52:30 UTC</createdTime>
<generatorID>152B75A3-1F13-3E89-1374-4E2A00AFC955</generatorID>
<ownerDesignName>ProyectoSistrans</ownerDesignName>
<useDomainConstraints>false</useDomainConstraints>
<use>1</use>
<logicalDatatype>LOGDT011</logicalDatatype>
<ownDataTypeParameters>,,</ownDataTypeParameters>
<autoIncrementCycle>false</autoIncrementCycle>
<associations>
<colAssociation fkAssociation="BF15DF00-083D-FBB1-3220-4045E1D7D370" referredColumn="9B7AE152-18AC-5C58-07AB-DC36A2061E9E"/>
</associations>
</Column>
<Column name="cargo" id="D7FEE00E-B2F6-5853-A85D-7F7761148236">
<createdBy>marianapinedamiranda</createdBy>
<createdTime>2023-10-02 02:52:30 UTC</createdTime>
<generatorID>4872E726-A884-085F-2AB3-559782D138F0</generatorID>
<ownerDesignName>ProyectoSistrans</ownerDesignName>
<nullsAllowed>true</nullsAllowed>
<useDomainConstraints>false</useDomainConstraints>
<use>1</use>
<logicalDatatype>A3A3C77D-0366-9768-FF89-1C25E56881C8</logicalDatatype>
<ownDataTypeParameters>,,</ownDataTypeParameters>
<autoIncrementCycle>false</autoIncrementCycle>
</Column>
</columns>
<indexes itemClass="oracle.dbtools.crest.model.design.relational.Index">
<ind_PK_UK id="E10166FB-A8BE-852A-D953-0F2F4227E44C" name="Empleados_PK">
<createdBy>marianapinedamiranda</createdBy>
<createdTime>2023-10-02 02:52:30 UTC</createdTime>
<generatorID>78717968-0D87-E83F-1816-58065FE99DED</generatorID>
<ownerDesignName>ProyectoSistrans</ownerDesignName>
<pk>true</pk>
<indexState>Primary Constraint</indexState>
<isSurrogateKey>false</isSurrogateKey>
<indexColumnUsage>
<colUsage columnID="3E9E37EE-5036-5258-A82F-3FA1D4D5452F"/>
</indexColumnUsage>
</ind_PK_UK>
<ind_PK_UK id="7B4D102A-99F8-5E6B-BAAB-EB5A32BB5228" name="Empleados_Usuarios_FK">
<createdBy>marianapinedamiranda</createdBy>
<createdTime>2023-10-02 02:52:30 UTC</createdTime>
<generatorID>BCB8E2AF-D153-3250-EC76-8DCC824195B5</generatorID>
<ownerDesignName>ProyectoSistrans</ownerDesignName>
<indexState>Foreign Key</indexState>
<isSurrogateKey>false</isSurrogateKey>
<indexColumnUsage>
<colUsage columnID="3E9E37EE-5036-5258-A82F-3FA1D4D5452F"/>
</indexColumnUsage>
</ind_PK_UK>
</indexes>
</Table>