<?xml version = '1.0' encoding = 'UTF-8'?>
<Table class="oracle.dbtools.crest.model.design.relational.Table" directorySegmentName="seg_0" id="F6D309CD-7357-6F62-42E0-4E3B9CCAE387" name="Reservas">
<createdBy>marianapinedamiranda</createdBy>
<createdTime>2023-10-02 02:52:30 UTC</createdTime>
<generatorID>C5A636AB-22A2-A820-8B21-4AB9F340D036</generatorID>
<ownerDesignName>ProyectoSistrans</ownerDesignName>
<allowColumnReorder>false</allowColumnReorder>
<existDependencyGenerateInDDl>true</existDependencyGenerateInDDl>
<parsed>true</parsed>
<columns itemClass="oracle.dbtools.crest.model.design.relational.Column">
<Column name="fecha_entrada" id="4464DC55-CFE8-BBB2-B9E1-AD317A61D8EE">
<createdBy>marianapinedamiranda</createdBy>
<createdTime>2023-10-02 02:52:30 UTC</createdTime>
<generatorID>A4B42831-F385-2A9D-DD64-89AC76BA262E</generatorID>
<ownerDesignName>ProyectoSistrans</ownerDesignName>
<useDomainConstraints>false</useDomainConstraints>
<use>1</use>
<logicalDatatype>A3A3C77D-0366-9768-FF89-1C25E56881C8</logicalDatatype>
<ownDataTypeParameters>,,</ownDataTypeParameters>
<autoIncrementCycle>false</autoIncrementCycle>
</Column>
<Column name="tipo" id="01FB44FF-ED9C-F0CF-3363-69A79262B709">
<createdBy>marianapinedamiranda</createdBy>
<createdTime>2023-10-02 02:52:30 UTC</createdTime>
<generatorID>FF1052B2-42E9-D8FC-F3A8-F70E4F443C9A</generatorID>
<ownerDesignName>ProyectoSistrans</ownerDesignName>
<useDomainConstraints>false</useDomainConstraints>
<use>1</use>
<logicalDatatype>A3A3C77D-0366-9768-FF89-1C25E56881C8</logicalDatatype>
<ownDataTypeParameters>,,</ownDataTypeParameters>
<autoIncrementCycle>false</autoIncrementCycle>
</Column>
<Column name="fecha_salida" id="C9586237-1B26-CCB9-AC41-07128B8CF18E">
<createdBy>marianapinedamiranda</createdBy>
<createdTime>2023-10-02 02:52:30 UTC</createdTime>
<generatorID>3153E065-C517-F6D0-9E41-5B32A243D0C2</generatorID>
<ownerDesignName>ProyectoSistrans</ownerDesignName>
<useDomainConstraints>false</useDomainConstraints>
<use>1</use>
<logicalDatatype>A3A3C77D-0366-9768-FF89-1C25E56881C8</logicalDatatype>
<ownDataTypeParameters>,,</ownDataTypeParameters>
<autoIncrementCycle>false</autoIncrementCycle>
</Column>
<Column name="responsable" id="D975FCAD-3145-0844-0354-172096F69E7E">
<createdBy>marianapinedamiranda</createdBy>
<createdTime>2023-10-02 02:52:30 UTC</createdTime>
<generatorID>6315A63A-B109-9190-58DF-E45C6F33D876</generatorID>
<ownerDesignName>ProyectoSistrans</ownerDesignName>
<nullsAllowed>true</nullsAllowed>
<useDomainConstraints>false</useDomainConstraints>
<use>1</use>
<logicalDatatype>A3A3C77D-0366-9768-FF89-1C25E56881C8</logicalDatatype>
<ownDataTypeParameters>,,</ownDataTypeParameters>
<autoIncrementCycle>false</autoIncrementCycle>
</Column>
<Column name="Hoteles_nombre" id="F8E732AE-AC6A-50DB-5FBC-972CDE27602A">
<createdBy>marianapinedamiranda</createdBy>
<createdTime>2023-10-02 02:52:30 UTC</createdTime>
<generatorID>42E40F77-73EE-DC4C-05EF-F7ABCD7B76AB</generatorID>
<ownerDesignName>ProyectoSistrans</ownerDesignName>
<useDomainConstraints>false</useDomainConstraints>
<use>1</use>
<logicalDatatype>A3A3C77D-0366-9768-FF89-1C25E56881C8</logicalDatatype>
<ownDataTypeParameters>,,</ownDataTypeParameters>
<previousColumn>false</previousColumn>
<autoIncrementCycle>false</autoIncrementCycle>
<associations>
<colAssociation fkAssociation="7CD8E8CD-C826-F0EA-268B-ECE640CA0437" referredColumn="5CEE365C-AD65-0918-7DCF-B58284A5232B"/>
</associations>
</Column>
<Column name="id" id="9D8A48D1-1C5B-75F6-B043-F0F984C9492A">
<createdBy>marianapinedamiranda</createdBy>
<createdTime>2023-10-02 02:52:30 UTC</createdTime>
<generatorID>20059210-6213-BDB0-118A-45CE2144AF17</generatorID>
<ownerDesignName>ProyectoSistrans</ownerDesignName>
<useDomainConstraints>false</useDomainConstraints>
<use>1</use>
<logicalDatatype>LOGDT011</logicalDatatype>
<ownDataTypeParameters>,,</ownDataTypeParameters>
<autoIncrementCycle>false</autoIncrementCycle>
</Column>
<Column name="Checkins_id_checkin" id="38111D35-141E-A721-6074-96ECE53B45D1">
<createdBy>marianapinedamiranda</createdBy>
<createdTime>2023-10-02 02:52:30 UTC</createdTime>
<generatorID>78359D89-66D6-E379-394E-BAD32AF66A42</generatorID>
<ownerDesignName>ProyectoSistrans</ownerDesignName>
<useDomainConstraints>false</useDomainConstraints>
<use>1</use>
<logicalDatatype>LOGDT011</logicalDatatype>
<ownDataTypeParameters>,,</ownDataTypeParameters>
<previousColumn>false</previousColumn>
<autoIncrementCycle>false</autoIncrementCycle>
</Column>
<Column name="Checkouts_id_checkout" id="C46FF324-3B62-9877-453A-874E99AFADDC">
<createdBy>marianapinedamiranda</createdBy>
<createdTime>2023-10-02 02:52:30 UTC</createdTime>
<generatorID>9BFAAEB3-66E5-B53A-E11F-49BAACA683FD</generatorID>
<ownerDesignName>ProyectoSistrans</ownerDesignName>
<useDomainConstraints>false</useDomainConstraints>
<use>1</use>
<logicalDatatype>LOGDT011</logicalDatatype>
<ownDataTypeParameters>,,</ownDataTypeParameters>
<previousColumn>false</previousColumn>
<autoIncrementCycle>false</autoIncrementCycle>
</Column>
<Column name="Planes_id" id="42724C06-9F6F-ACA7-54D6-A417ECCA35C7">
<createdBy>marianapinedamiranda</createdBy>
<createdTime>2023-10-02 02:52:30 UTC</createdTime>
<generatorID>AEF1D147-6D3B-9915-CA49-0B07ED0A6B64</generatorID>
<ownerDesignName>ProyectoSistrans</ownerDesignName>
<useDomainConstraints>false</useDomainConstraints>
<use>1</use>
<logicalDatatype>LOGDT024</logicalDatatype>
<dataTypeSize>20</dataTypeSize>
<ownDataTypeParameters>,,</ownDataTypeParameters>
<previousColumn>false</previousColumn>
<autoIncrementCycle>false</autoIncrementCycle>
<associations>
<colAssociation fkAssociation="21C9E584-5273-8466-FE3B-0A684DA8C1D8" referredColumn="37866809-65A4-3D43-0BFC-73E7E76DA8C1"/>
</associations>
</Column>
<Column name="Clientes_id" id="86972901-7A51-4149-B4D1-D2E485EC48B1">
<createdBy>marianapinedamiranda</createdBy>
<createdTime>2023-10-02 02:52:30 UTC</createdTime>
<generatorID>084D9B5E-491C-90C7-E09C-818D28986080</generatorID>
<ownerDesignName>ProyectoSistrans</ownerDesignName>
<useDomainConstraints>false</useDomainConstraints>
<use>1</use>
<logicalDatatype>LOGDT011</logicalDatatype>
<ownDataTypeParameters>,,</ownDataTypeParameters>
<previousColumn>false</previousColumn>
<autoIncrementCycle>false</autoIncrementCycle>
<associations>
<colAssociation fkAssociation="18FD77E1-169D-3ABF-011D-34F29D885034" referredColumn="4AA7A151-649D-4216-F4B2-D1537A990667"/>
</associations>
</Column>
<Column name="cantidadPersonas" id="293C3FA5-0DB9-01CF-7263-0463AC1B8026">
<createdBy>marianapinedamiranda</createdBy>
<createdTime>2023-10-02 02:52:30 UTC</createdTime>
<generatorID>BFE31256-8967-1F35-C55E-74FA89C5E873</generatorID>
<ownerDesignName>ProyectoSistrans</ownerDesignName>
<nullsAllowed>true</nullsAllowed>
<useDomainConstraints>false</useDomainConstraints>
<use>1</use>
<logicalDatatype>LOGDT011</logicalDatatype>
<ownDataTypeParameters>,,</ownDataTypeParameters>
<autoIncrementCycle>false</autoIncrementCycle>
</Column>
</columns>
<indexes itemClass="oracle.dbtools.crest.model.design.relational.Index">
<ind_PK_UK id="F6570EA1-27C7-4E7A-0C41-19B848EB8A74" name="Reservas_PK">
<createdBy>marianapinedamiranda</createdBy>
<createdTime>2023-10-02 02:52:30 UTC</createdTime>
<generatorID>A999F033-63B1-F6E3-0440-C3EFE48D1D55</generatorID>
<ownerDesignName>ProyectoSistrans</ownerDesignName>
<pk>true</pk>
<indexState>Primary Constraint</indexState>
<isSurrogateKey>false</isSurrogateKey>
<indexColumnUsage>
<colUsage columnID="9D8A48D1-1C5B-75F6-B043-F0F984C9492A"/>
</indexColumnUsage>
</ind_PK_UK>
<ind_PK_UK id="25504237-0B5E-28E1-2199-C2DFBE8B2FA0" name="Reservas__IDX">
<createdBy>marianapinedamiranda</createdBy>
<createdTime>2023-10-02 02:52:30 UTC</createdTime>
<ownerDesignName>ProyectoSistrans</ownerDesignName>
<indexState>Unique Plain Index</indexState>
<isSurrogateKey>false</isSurrogateKey>
<relationGeneratorID>C1998703-9005-CDA9-E82D-B97E290977AC</relationGeneratorID>
<indexColumnUsage>
<colUsage columnID="86972901-7A51-4149-B4D1-D2E485EC48B1"/>
</indexColumnUsage>
</ind_PK_UK>
<ind_PK_UK id="249CA8AB-DDA3-73CD-9253-506AAD40F69E" name="Reservas__IDXv1">
<createdBy>marianapinedamiranda</createdBy>
<createdTime>2023-10-02 02:52:30 UTC</createdTime>
<ownerDesignName>ProyectoSistrans</ownerDesignName>
<indexState>Unique Plain Index</indexState>
<isSurrogateKey>false</isSurrogateKey>
<relationGeneratorID>F6D20008-340E-3D1A-B21D-A6EA7E7A33DF</relationGeneratorID>
<indexColumnUsage>
<colUsage columnID="C46FF324-3B62-9877-453A-874E99AFADDC"/>
</indexColumnUsage>
</ind_PK_UK>
<ind_PK_UK id="F5101617-9521-245C-2F68-A3B646443891" name="Reservas__IDXv2">
<createdBy>marianapinedamiranda</createdBy>
<createdTime>2023-10-02 02:52:30 UTC</createdTime>
<ownerDesignName>ProyectoSistrans</ownerDesignName>
<indexState>Unique Plain Index</indexState>
<isSurrogateKey>false</isSurrogateKey>
<relationGeneratorID>EC4CFB2A-2E12-50FA-7730-457FFD825534</relationGeneratorID>
<indexColumnUsage>
<colUsage columnID="38111D35-141E-A721-6074-96ECE53B45D1"/>
</indexColumnUsage>
</ind_PK_UK>
<ind_PK_UK id="4233959E-B72B-7564-975A-363B527AA059" name="Reservas_Clientes_FK">
<createdBy>marianapinedamiranda</createdBy>
<createdTime>2023-10-02 02:52:30 UTC</createdTime>
<generatorID>C1998703-9005-CDA9-E82D-B97E290977AC</generatorID>
<ownerDesignName>ProyectoSistrans</ownerDesignName>
<indexState>Foreign Key</indexState>
<isSurrogateKey>false</isSurrogateKey>
<indexColumnUsage>
<colUsage columnID="86972901-7A51-4149-B4D1-D2E485EC48B1"/>
</indexColumnUsage>
</ind_PK_UK>
<ind_PK_UK id="AF68BF40-2195-D164-3FF5-155201BAA953" name="Reservas_Hoteles_FK">
<createdBy>marianapinedamiranda</createdBy>
<createdTime>2023-10-02 02:52:30 UTC</createdTime>
<generatorID>44450ECE-988E-724B-3832-4155B9F0FA30</generatorID>
<ownerDesignName>ProyectoSistrans</ownerDesignName>
<indexState>Foreign Key</indexState>
<isSurrogateKey>false</isSurrogateKey>
<indexColumnUsage>
<colUsage columnID="F8E732AE-AC6A-50DB-5FBC-972CDE27602A"/>
</indexColumnUsage>
</ind_PK_UK>
<ind_PK_UK id="E1D52DD6-F7F7-F805-06E9-7B821BE16038" name="Reservas_Planes_FK">
<createdBy>marianapinedamiranda</createdBy>
<createdTime>2023-10-02 02:52:30 UTC</createdTime>
<generatorID>F74CAEA9-163B-DD4F-842C-0D85C2424517</generatorID>
<ownerDesignName>ProyectoSistrans</ownerDesignName>
<indexState>Foreign Key</indexState>
<isSurrogateKey>false</isSurrogateKey>
<indexColumnUsage>
<colUsage columnID="42724C06-9F6F-ACA7-54D6-A417ECCA35C7"/>
</indexColumnUsage>
</ind_PK_UK>
</indexes>
</Table>