<?xml version = '1.0' encoding = 'UTF-8'?>
<Relation class="oracle.dbtools.crest.model.design.logical.Relation" name="ProductoTienda" directorySegmentName="seg_0" id="299C7657-CE99-523B-3384-5EA85DD8CFEB">
<createdBy>marianapinedamiranda</createdBy>
<createdTime>2023-10-01 02:54:30 UTC</createdTime>
<ownerDesignName>ProyectoSistrans</ownerDesignName>
<engineerTo>
<item key="C620A825-F3B7-6132-4F35-D2FC96CA1EAF" value="true"/>
</engineerTo>
<sourcePk>AA52D276-FB5A-CDE6-407F-2F08084258F0</sourcePk>
<identifying>false</identifying>
<optionalSource>false</optionalSource>
<optionalTarget>false</optionalTarget>
<sourceCardinality>1</sourceCardinality>
<sourceEntity>D62D46FB-DCA3-91B0-B4F3-53F5AD987A83</sourceEntity>
<targetCardinalityString>*</targetCardinalityString>
<targetEntity>D53DF04C-2155-05A0-E6B7-845011AA0101</targetEntity>
<transferable>true</transferable>
<deleteRule>NO ACTION</deleteRule>
</Relation>