<?xml version = '1.0' encoding = 'UTF-8'?>
<Relation class="oracle.dbtools.crest.model.design.logical.Relation" name="HabitacionServicio" directorySegmentName="seg_0" id="399D396E-9B1F-7AE5-C5AF-CA1CEFDFD5B1">
<createdBy>marianapinedamiranda</createdBy>
<createdTime>2023-10-02 01:16:18 UTC</createdTime>
<ownerDesignName>ProyectoSistrans</ownerDesignName>
<engineerTo>
<item key="A180E857-93B0-1751-BB84-BFABD2383441" value="true"/>
</engineerTo>
<sourcePk>D5137FB8-340B-019B-DC82-78B6F2D4ED86</sourcePk>
<identifying>false</identifying>
<optionalSource>false</optionalSource>
<optionalTarget>false</optionalTarget>
<sourceCardinality>1</sourceCardinality>
<sourceEntity>29E16AFA-B5FE-AF80-6CC7-54E4238D397D</sourceEntity>
<targetCardinalityString>*</targetCardinalityString>
<targetEntity>0F332035-82DD-70A9-6BB2-8C924F321EE9</targetEntity>
<transferable>true</transferable>
<deleteRule>NO ACTION</deleteRule>
</Relation>