<?xml version = '1.0' encoding = 'UTF-8'?>
<Relation class="oracle.dbtools.crest.model.design.logical.Relation" name="PlatoRestaurante" directorySegmentName="seg_0" id="576CBA0A-C63E-4474-8AB5-688F6CF44E11">
<createdBy>marianapinedamiranda</createdBy>
<createdTime>2023-10-01 13:54:14 UTC</createdTime>
<ownerDesignName>ProyectoSistrans</ownerDesignName>
<engineerTo>
<item key="C620A825-F3B7-6132-4F35-D2FC96CA1EAF" value="true"/>
</engineerTo>
<sourcePk>AA52D276-FB5A-CDE6-407F-2F08084258F0</sourcePk>
<identifying>false</identifying>
<optionalSource>false</optionalSource>
<optionalTarget>false</optionalTarget>
<sourceCardinality>1</sourceCardinality>
<sourceEntity>C0B32681-2A2B-89D5-2911-36316E01AD9E</sourceEntity>
<targetCardinalityString>*</targetCardinalityString>
<targetEntity>3FFD4429-B807-0B28-ADF4-BEC3FFCAD9A5</targetEntity>
<transferable>true</transferable>
<deleteRule>NO ACTION</deleteRule>
</Relation>