<?xml version = '1.0' encoding = 'UTF-8'?>
<Relation class="oracle.dbtools.crest.model.design.logical.Relation" name="Relation_35" directorySegmentName="seg_0" id="5B4F01C0-C389-BA16-65F7-DC3A03164459">
<createdBy>marianapinedamiranda</createdBy>
<createdTime>2023-10-02 01:41:44 UTC</createdTime>
<ownerDesignName>ProyectoSistrans</ownerDesignName>
<engineerTo>
<item key="A180E857-93B0-1751-BB84-BFABD2383441" value="true"/>
</engineerTo>
<sourcePk>78717968-0D87-E83F-1816-58065FE99DED</sourcePk>
<identifying>false</identifying>
<optionalSource>false</optionalSource>
<optionalTarget>false</optionalTarget>
<sourceCardinality>1</sourceCardinality>
<sourceEntity>1BF793D5-D8E9-743F-D709-48874EE32D5F</sourceEntity>
<targetCardinalityString>*</targetCardinalityString>
<targetEntity>1185897D-4652-CE2F-BB55-85F4761C28B0</targetEntity>
<transferable>true</transferable>
<deleteRule>NO ACTION</deleteRule>
</Relation>