<?xml version = '1.0' encoding = 'UTF-8'?>
<Relation class="oracle.dbtools.crest.model.design.logical.Relation" name="UsuarioHotel" directorySegmentName="seg_0" id="66FB6A31-6B5F-57FB-C339-BB6C592302FA">
<createdBy>manul</createdBy>
<createdTime>2023-09-16 18:00:34 UTC</createdTime>
<ownerDesignName>ProyectoSistrans</ownerDesignName>
<engineerTo>
<item key="A8503A49-F3BA-687D-6E54-5FC84EC67516" value="true"/>
</engineerTo>
<sourcePk>C5A94340-16F4-FE5C-E2FD-6B6F2AC1526F</sourcePk>
<identifying>false</identifying>
<optionalSource>false</optionalSource>
<optionalTarget>false</optionalTarget>
<sourceCardinality>1</sourceCardinality>
<sourceEntity>14509C8F-F4C5-D387-21E7-CCE93846500E</sourceEntity>
<targetCardinalityString>*</targetCardinalityString>
<targetEntity>C536580D-7AD8-F26B-19CD-96B2DDAC7ED9</targetEntity>
<transferable>true</transferable>
<deleteRule>NO ACTION</deleteRule>
</Relation>