<?xml version = '1.0' encoding = 'UTF-8'?>
<Relation class="oracle.dbtools.crest.model.design.logical.Relation" name="HotelServicio" directorySegmentName="seg_0" id="6E95A2E2-0B91-9691-2292-6F2FBC6EE023">
<createdBy>manul</createdBy>
<createdTime>2023-09-16 20:00:59 UTC</createdTime>
<ownerDesignName>ProyectoSistrans</ownerDesignName>
<engineerTo>
<item key="A8503A49-F3BA-687D-6E54-5FC84EC67516" value="true"/>
</engineerTo>
<sourcePk>C5A94340-16F4-FE5C-E2FD-6B6F2AC1526F</sourcePk>
<identifying>false</identifying>
<optionalSource>false</optionalSource>
<optionalTarget>false</optionalTarget>
<sourceCardinality>1</sourceCardinality>
<sourceEntity>14509C8F-F4C5-D387-21E7-CCE93846500E</sourceEntity>
<targetCardinalityString>*</targetCardinalityString>
<targetEntity>16D00166-0F15-602B-7BF5-84AF91D12BEC</targetEntity>
<transferable>true</transferable>
<deleteRule>NO ACTION</deleteRule>
</Relation>