<?xml version = '1.0' encoding = 'UTF-8'?>
<Relation class="oracle.dbtools.crest.model.design.logical.Relation" name="HotelHabitacion" directorySegmentName="seg_0" id="88D30F4F-EE73-6C9E-7732-3D61E7FDB8C4">
<createdBy>manul</createdBy>
<createdTime>2023-09-16 20:00:08 UTC</createdTime>
<ownerDesignName>ProyectoSistrans</ownerDesignName>
<engineerTo>
<item key="A8503A49-F3BA-687D-6E54-5FC84EC67516" value="true"/>
</engineerTo>
<sourcePk>C5A94340-16F4-FE5C-E2FD-6B6F2AC1526F</sourcePk>
<identifying>false</identifying>
<optionalSource>false</optionalSource>
<optionalTarget>false</optionalTarget>
<sourceCardinality>1</sourceCardinality>
<sourceEntity>14509C8F-F4C5-D387-21E7-CCE93846500E</sourceEntity>
<targetCardinalityString>*</targetCardinalityString>
<targetEntity>29E16AFA-B5FE-AF80-6CC7-54E4238D397D</targetEntity>
<transferable>true</transferable>
<deleteRule>NO ACTION</deleteRule>
</Relation>