<?xml version = '1.0' encoding = 'UTF-8'?>
<Relation class="oracle.dbtools.crest.model.design.logical.Relation" name="reservas" directorySegmentName="seg_0" id="AA83F5E4-57A7-27A6-2711-F3065C1B126E">
<createdBy>marianapinedamiranda</createdBy>
<createdTime>2023-10-02 01:35:54 UTC</createdTime>
<ownerDesignName>ProyectoSistrans</ownerDesignName>
<engineerTo>
<item key="B872552E-F2C5-9C67-856B-B6431AA27ADA" value="true"/>
</engineerTo>
<sourcePk>78717968-0D87-E83F-1816-58065FE99DED</sourcePk>
<identifying>false</identifying>
<nameOnSource>responsable</nameOnSource>
<optionalSource>false</optionalSource>
<optionalTarget>false</optionalTarget>
<sourceCardinality>1</sourceCardinality>
<sourceEntity>60E82226-1432-B4EA-D90C-3158C9AA5E45</sourceEntity>
<targetCardinalityString>*</targetCardinalityString>
<targetEntity>3604898D-1362-A614-E357-916F65AB275C</targetEntity>
<transferable>true</transferable>
<deleteRule>NO ACTION</deleteRule>
</Relation>