<?xml version = '1.0' encoding = 'UTF-8'?>
<Relation class="oracle.dbtools.crest.model.design.logical.Relation" name="Relation_34" directorySegmentName="seg_0" id="B99B7840-CABB-CA93-8D9F-5AF0F755BBBA">
<createdBy>marianapinedamiranda</createdBy>
<createdTime>2023-10-02 01:41:37 UTC</createdTime>
<ownerDesignName>ProyectoSistrans</ownerDesignName>
<engineerTo>
<item key="A180E857-93B0-1751-BB84-BFABD2383441" value="true"/>
</engineerTo>
<sourcePk>78717968-0D87-E83F-1816-58065FE99DED</sourcePk>
<identifying>false</identifying>
<optionalSource>false</optionalSource>
<optionalTarget>false</optionalTarget>
<sourceCardinality>1</sourceCardinality>
<sourceEntity>60E82226-1432-B4EA-D90C-3158C9AA5E45</sourceEntity>
<targetCardinalityString>*</targetCardinalityString>
<targetEntity>1185897D-4652-CE2F-BB55-85F4761C28B0</targetEntity>
<transferable>true</transferable>
<deleteRule>NO ACTION</deleteRule>
</Relation>