<?xml version = '1.0' encoding = 'UTF-8'?>
<Relation class="oracle.dbtools.crest.model.design.logical.Relation" name="ClienteReserva" directorySegmentName="seg_0" id="C1998703-9005-CDA9-E82D-B97E290977AC">
<createdBy>manul</createdBy>
<createdTime>2023-09-16 18:01:09 UTC</createdTime>
<ownerDesignName>ProyectoSistrans</ownerDesignName>
<engineerTo>
<item key="B872552E-F2C5-9C67-856B-B6431AA27ADA" value="true"/>
</engineerTo>
<sourcePk>78717968-0D87-E83F-1816-58065FE99DED</sourcePk>
<targetPk>A999F033-63B1-F6E3-0440-C3EFE48D1D55</targetPk>
<identifying>false</identifying>
<optionalSource>false</optionalSource>
<optionalTarget>false</optionalTarget>
<sourceCardinality>1</sourceCardinality>
<sourceEntity>60E82226-1432-B4EA-D90C-3158C9AA5E45</sourceEntity>
<targetCardinalityString>1</targetCardinalityString>
<targetEntity>C5A636AB-22A2-A820-8B21-4AB9F340D036</targetEntity>
<transferable>true</transferable>
<deleteRule>NO ACTION</deleteRule>
</Relation>