<?xml version = '1.0' encoding = 'UTF-8'?>
<Relation class="oracle.dbtools.crest.model.design.logical.Relation" name="Relation_40" directorySegmentName="seg_0" id="D2DADF74-E9B6-96E0-D716-544EFD096A02">
<createdBy>marianapinedamiranda</createdBy>
<createdTime>2023-10-02 02:47:44 UTC</createdTime>
<ownerDesignName>ProyectoSistrans</ownerDesignName>
<engineerTo>
<item key="82F0D14C-A1B7-645C-BBB9-1465A43CBB28" value="true"/>
</engineerTo>
<sourcePk>AA52D276-FB5A-CDE6-407F-2F08084258F0</sourcePk>
<identifying>true</identifying>
<optionalSource>false</optionalSource>
<optionalTarget>false</optionalTarget>
<sourceCardinality>1</sourceCardinality>
<sourceEntity>BBD8D7A3-7560-C2D8-1E07-333D87937B01</sourceEntity>
<targetCardinalityString>*</targetCardinalityString>
<targetEntity>F9467297-97BF-FB30-0D45-AA1C7543184E</targetEntity>
<transferable>true</transferable>
<deleteRule>NO ACTION</deleteRule>
</Relation>