<?xml version = '1.0' encoding = 'UTF-8'?>
<Relation class="oracle.dbtools.crest.model.design.logical.Relation" name="ReservaCheckIn" directorySegmentName="seg_0" id="EC4CFB2A-2E12-50FA-7730-457FFD825534">
<createdBy>manul</createdBy>
<createdTime>2023-09-16 17:13:53 UTC</createdTime>
<ownerDesignName>ProyectoSistrans</ownerDesignName>
<engineerTo>
<item key="B872552E-F2C5-9C67-856B-B6431AA27ADA" value="true"/>
</engineerTo>
<sourcePk>33344636-E6B6-B201-2B3F-40C13F9B65EB</sourcePk>
<targetPk>A999F033-63B1-F6E3-0440-C3EFE48D1D55</targetPk>
<identifying>false</identifying>
<optionalSource>false</optionalSource>
<optionalTarget>false</optionalTarget>
<sourceCardinality>1</sourceCardinality>
<sourceEntity>3604898D-1362-A614-E357-916F65AB275C</sourceEntity>
<targetCardinalityString>1</targetCardinalityString>
<targetEntity>C5A636AB-22A2-A820-8B21-4AB9F340D036</targetEntity>
<transferable>true</transferable>
<deleteRule>NO ACTION</deleteRule>
</Relation>