<?xml version = '1.0' encoding = 'UTF-8'?>
<Relation class="oracle.dbtools.crest.model.design.logical.Relation" name="Relation_6" directorySegmentName="seg_0" id="F6D20008-340E-3D1A-B21D-A6EA7E7A33DF">
<createdBy>manul</createdBy>
<createdTime>2023-09-16 17:16:07 UTC</createdTime>
<ownerDesignName>ProyectoSistrans</ownerDesignName>
<engineerTo>
<item key="A180E857-93B0-1751-BB84-BFABD2383441" value="true"/>
</engineerTo>
<sourcePk>D3FE9E5C-57DB-A726-5DF9-AB4F82B10B3E</sourcePk>
<targetPk>A999F033-63B1-F6E3-0440-C3EFE48D1D55</targetPk>
<identifying>false</identifying>
<optionalSource>false</optionalSource>
<optionalTarget>false</optionalTarget>
<sourceCardinality>1</sourceCardinality>
<sourceEntity>1185897D-4652-CE2F-BB55-85F4761C28B0</sourceEntity>
<targetCardinalityString>1</targetCardinalityString>
<targetEntity>C5A636AB-22A2-A820-8B21-4AB9F340D036</targetEntity>
<transferable>true</transferable>
<deleteRule>NO ACTION</deleteRule>
</Relation>