<?xml version = '1.0' encoding = 'UTF-8'?>
<Relation class="oracle.dbtools.crest.model.design.logical.InheritanceRelation" name="Hierarchy_5" directorySegmentName="seg_0" id="36F55939-0CCC-8E83-8881-243CD9CDC73F">
<createdBy>manul</createdBy>
<createdTime>2023-09-16 17:27:15 UTC</createdTime>
<ownerDesignName>ProyectoSistrans</ownerDesignName>
<engineerTo>
<item key="A8503A49-F3BA-687D-6E54-5FC84EC67516" value="true"/>
</engineerTo>
<identifying>false</identifying>
<nameOnSource>Super Type</nameOnSource>
<nameOnTarget>Sub Type</nameOnTarget>
<optionalSource>true</optionalSource>
<optionalTarget>true</optionalTarget>
<sourceEntity>16D00166-0F15-602B-7BF5-84AF91D12BEC</sourceEntity>
<targetEntity>D62D46FB-DCA3-91B0-B4F3-53F5AD987A83</targetEntity>
<transferable>true</transferable>
<deleteRule>NO ACTION</deleteRule>
</Relation>