<?xml version = '1.0' encoding = 'UTF-8'?>
<Relation class="oracle.dbtools.crest.model.design.logical.InheritanceRelation" name="Hierarchy_1" directorySegmentName="seg_0" id="4A097E11-CC95-5BD6-A3E7-6253F6ACB131">
<createdBy>manul</createdBy>
<createdTime>2023-09-16 17:18:24 UTC</createdTime>
<ownerDesignName>ProyectoSistrans</ownerDesignName>
<engineerTo>
<item key="A8503A49-F3BA-687D-6E54-5FC84EC67516" value="true"/>
</engineerTo>
<identifying>false</identifying>
<nameOnSource>Super Type</nameOnSource>
<nameOnTarget>Sub Type</nameOnTarget>
<optionalSource>true</optionalSource>
<optionalTarget>true</optionalTarget>
<sourceEntity>16D00166-0F15-602B-7BF5-84AF91D12BEC</sourceEntity>
<targetEntity>C0B32681-2A2B-89D5-2911-36316E01AD9E</targetEntity>
<transferable>true</transferable>
<deleteRule>NO ACTION</deleteRule>
</Relation>