<?xml version = '1.0' encoding = 'UTF-8'?>
<Relation class="oracle.dbtools.crest.model.design.logical.InheritanceRelation" name="Hierarchy_12" directorySegmentName="seg_0" id="594D14F6-677D-E196-0CEC-122FB076C979">
<createdBy>manul</createdBy>
<createdTime>2023-09-16 17:52:10 UTC</createdTime>
<ownerDesignName>ProyectoSistrans</ownerDesignName>
<engineerTo>
<item key="A8503A49-F3BA-687D-6E54-5FC84EC67516" value="true"/>
</engineerTo>
<identifying>false</identifying>
<nameOnSource>Super Type</nameOnSource>
<nameOnTarget>Sub Type</nameOnTarget>
<optionalSource>true</optionalSource>
<optionalTarget>true</optionalTarget>
<sourceEntity>16D00166-0F15-602B-7BF5-84AF91D12BEC</sourceEntity>
<targetEntity>B25C0EF5-E11C-5A51-B81B-E9425B4BA674</targetEntity>
<transferable>true</transferable>
<deleteRule>NO ACTION</deleteRule>
</Relation>